VARIABLES=x,y,z,n,rho,u,v,w,t,p
ZONE f=point,i=   1000
0.000000000000000E+00   0.000000000000000E+00   0.000000000000000E+00   0.000000000000000E+00   2.491076923076923E-02   0.000000000000000E+00   0.000000000000000E+00   0.000000000000000E+00   9.750000000000000E+01   6.970656000000000E+02
0.000000000000000E+00   2.162935301868765E-06   0.000000000000000E+00   2.162935301868765E-06   2.411822129769247E-02   9.569907463932580E+00   5.692888907196428E-05   0.000000000000000E+00   1.007039437121500E+02   6.970656000000000E+02
0.000000000000000E+00   4.325870603737530E-06   0.000000000000000E+00   4.325870603737530E-06   2.338130850486078E-02   1.930034432005425E+01   1.125713462554833E-04   0.000000000000000E+00   1.038778475334292E+02   6.970656000000000E+02
0.000000000000000E+00   6.488805905606295E-06   0.000000000000000E+00   6.488805905606295E-06   2.269524232718420E-02   2.919288964536670E+01   1.672246103943373E-04   0.000000000000000E+00   1.070180245262594E+02   6.970656000000000E+02
0.000000000000000E+00   8.651741207475060E-06   0.000000000000000E+00   8.651741207475060E-06   2.205585369628716E-02   3.924834522500498E+01   2.211688579995482E-04   0.000000000000000E+00   1.101204257810642E+02   6.970656000000000E+02
0.000000000000000E+00   1.081467650934382E-05   0.000000000000000E+00   1.081467650934382E-05   2.145950261991350E-02   4.946658373991438E+01   2.746750775288762E-04   0.000000000000000E+00   1.131806287880213E+02   6.970656000000000E+02
0.000000000000000E+00   1.297761181121259E-05   0.000000000000000E+00   1.297761181121259E-05   2.090298432530334E-02   5.984674340995299E+01   3.282335480498911E-04   0.000000000000000E+00   1.161939349043048E+02   6.970656000000000E+02
0.000000000000000E+00   1.514054711308136E-05   0.000000000000000E+00   1.514054711308136E-05   2.038350777686069E-02   7.038632129388178E+01   3.816095881607835E-04   0.000000000000000E+00   1.191551535971236E+02   6.970656000000000E+02
0.000000000000000E+00   1.730348241495012E-05   0.000000000000000E+00   1.730348241495012E-05   1.989862112678081E-02   8.108127340736395E+01   4.355243657920685E-04   0.000000000000000E+00   1.220587087178201E+02   6.970656000000000E+02
0.000000000000000E+00   1.946641771681888E-05   0.000000000000000E+00   1.946641771681888E-05   1.944617236755113E-02   9.192562024883584E+01   4.898149722008992E-04   0.000000000000000E+00   1.248986152181197E+02   6.970656000000000E+02
0.000000000000000E+00   2.162935301868765E-05   0.000000000000000E+00   2.162935301868765E-05   1.902425555169741E-02   1.029115140171044E+02   5.446241076512787E-04   0.000000000000000E+00   1.276685961981464E+02   6.970656000000000E+02
0.000000000000000E+00   2.379228832055641E-05   0.000000000000000E+00   2.379228832055641E-05   1.863121540443737E-02   1.140278997545365E+02   6.003481435155257E-04   0.000000000000000E+00   1.303618656795485E+02   6.970656000000000E+02
0.000000000000000E+00   2.595522362242518E-05   0.000000000000000E+00   2.595522362242518E-05   1.826558455178509E-02   1.252608752459884E+02   6.569695788385136E-04   0.000000000000000E+00   1.329713808563895E+02   6.970656000000000E+02
0.000000000000000E+00   2.811815892429394E-05   0.000000000000000E+00   2.811815892429394E-05   1.792606074400043E-02   1.365931921045390E+02   7.145371596916809E-04   0.000000000000000E+00   1.354898900927177E+02   6.970656000000000E+02
0.000000000000000E+00   3.028109422616271E-05   0.000000000000000E+00   3.028109422616271E-05   1.761147555038407E-02   1.480040766020149E+02   7.729592654480073E-04   0.000000000000000E+00   1.379100798823772E+02   6.970656000000000E+02
0.000000000000000E+00   3.244402952803147E-05   0.000000000000000E+00   3.244402952803147E-05   1.732077911126720E-02   1.594685683487725E+02   8.319778193133581E-04   0.000000000000000E+00   1.402246391110698E+02   6.970656000000000E+02
0.000000000000000E+00   3.460696482990024E-05   0.000000000000000E+00   3.460696482990024E-05   1.705299603699328E-02   1.709580519686917E+02   8.916273463804172E-04   0.000000000000000E+00   1.424265856117701E+02   6.970656000000000E+02
0.000000000000000E+00   3.676990013176901E-05   0.000000000000000E+00   3.676990013176901E-05   1.680720194058586E-02   1.824403511077637E+02   9.518526904130912E-04   0.000000000000000E+00   1.445094792450228E+02   6.970656000000000E+02
0.000000000000000E+00   3.893283543363777E-05   0.000000000000000E+00   3.893283543363777E-05   1.658249428257169E-02   1.938803650177667E+02   1.012300963577026E-03   0.000000000000000E+00   1.464677121916867E+02   6.970656000000000E+02
0.000000000000000E+00   4.109577073550653E-05   0.000000000000000E+00   4.109577073550653E-05   1.637797703793140E-02   2.052404062461907E+02   1.072595874395195E-03   0.000000000000000E+00   1.482967032115687E+02   6.970656000000000E+02
0.000000000000000E+00   4.325870603737529E-05   0.000000000000000E+00   4.325870603737529E-05   1.619273209090487E-02   2.164816376452711E+02   1.132486604933342E-03   0.000000000000000E+00   1.499932183380103E+02   6.970656000000000E+02
0.000000000000000E+00   4.542164133924406E-05   0.000000000000000E+00   4.542164133924406E-05   1.602580620406350E-02   2.275652736558494E+02   1.191759050533577E-03   0.000000000000000E+00   1.515555578966226E+02   6.970656000000000E+02
0.000000000000000E+00   4.758457664111282E-05   0.000000000000000E+00   4.758457664111282E-05   1.587620433762201E-02   2.384538754109596E+02   1.250029193432325E-03   0.000000000000000E+00   1.529836696699883E+02   6.970656000000000E+02
0.000000000000000E+00   4.974751194298159E-05   0.000000000000000E+00   4.974751194298159E-05   1.574288656057506E-02   2.491128911903743E+02   1.307167573872502E-03   0.000000000000000E+00   1.542792035408835E+02   6.970656000000000E+02
0.000000000000000E+00   5.191044724485036E-05   0.000000000000000E+00   5.191044724485036E-05   1.562478105739293E-02   2.595113253672245E+02   1.363106786575138E-03   0.000000000000000E+00   1.554453781514464E+02   6.970656000000000E+02
0.000000000000000E+00   5.407338254671912E-05   0.000000000000000E+00   5.407338254671912E-05   1.552078688445721E-02   2.696234315949185E+02   1.417605765538813E-03   0.000000000000000E+00   1.564869112681551E+02   6.970656000000000E+02
0.000000000000000E+00   5.623631784858789E-05   0.000000000000000E+00   5.623631784858789E-05   1.542979900341497E-02   2.794285330319686E+02   1.470614917346587E-03   0.000000000000000E+00   1.574096979139165E+02   6.970656000000000E+02
0.000000000000000E+00   5.839925315045665E-05   0.000000000000000E+00   5.839925315045665E-05   1.535071995856610E-02   2.889118175732398E+02   1.522162833297404E-03   0.000000000000000E+00   1.582205920344907E+02   6.970656000000000E+02
0.000000000000000E+00   6.056218845232542E-05   0.000000000000000E+00   6.056218845232542E-05   1.528248171386842E-02   2.980637705326714E+02   1.572363294354264E-03   0.000000000000000E+00   1.589270673097507E+02   6.970656000000000E+02
0.000000000000000E+00   6.272512375419418E-05   0.000000000000000E+00   6.272512375419418E-05   1.522405775180862E-02   3.068801980211845E+02   1.621220166975811E-03   0.000000000000000E+00   1.595369670554132E+02   6.970656000000000E+02
0.000000000000000E+00   6.488805905606294E-05   0.000000000000000E+00   6.488805905606294E-05   1.517447853128182E-02   3.153612538772493E+02   1.668843706117326E-03   0.000000000000000E+00   1.600582184747296E+02   6.970656000000000E+02
0.000000000000000E+00   6.705099435793172E-05   0.000000000000000E+00   6.705099435793172E-05   1.513283815292756E-02   3.235110759606264E+02   1.715369180835939E-03   0.000000000000000E+00   1.604986437742434E+02   6.970656000000000E+02
0.000000000000000E+00   6.921392965980048E-05   0.000000000000000E+00   6.921392965980048E-05   1.509830166512492E-02   3.313367139566805E+02   1.760930316968230E-03   0.000000000000000E+00   1.608657750964273E+02   6.970656000000000E+02
0.000000000000000E+00   7.137686496166924E-05   0.000000000000000E+00   7.137686496166924E-05   1.507010542501977E-02   3.388477636109838E+02   1.805623189803587E-03   0.000000000000000E+00   1.611667557393224E+02   6.970656000000000E+02
0.000000000000000E+00   7.353980026353801E-05   0.000000000000000E+00   7.353980026353801E-05   1.504755776032544E-02   3.460555027717689E+02   1.849567652895748E-03   0.000000000000000E+00   1.614082523347278E+02   6.970656000000000E+02
0.000000000000000E+00   7.570273556540678E-05   0.000000000000000E+00   7.570273556540678E-05   1.503003623914887E-02   3.529723636471750E+02   1.892875659423245E-03   0.000000000000000E+00   1.615964167587090E+02   6.970656000000000E+02
0.000000000000000E+00   7.786567086727554E-05   0.000000000000000E+00   7.786567086727554E-05   1.501698365760361E-02   3.596115214646740E+02   1.935635546996081E-03   0.000000000000000E+00   1.617368744201980E+02   6.970656000000000E+02
0.000000000000000E+00   8.002860616914430E-05   0.000000000000000E+00   8.002860616914430E-05   1.500790349627059E-02   3.659864636074175E+02   1.977941846519491E-03   0.000000000000000E+00   1.618347293213572E+02   6.970656000000000E+02
0.000000000000000E+00   8.219154147101306E-05   0.000000000000000E+00   8.219154147101306E-05   1.500235472871473E-02   3.721107165098418E+02   2.019872167532966E-03   0.000000000000000E+00   1.618945854780544E+02   6.970656000000000E+02
0.000000000000000E+00   8.435447677288182E-05   0.000000000000000E+00   8.435447677288182E-05   1.499994659961674E-02   3.779976008570741E+02   2.061495812850688E-03   0.000000000000000E+00   1.619205764413893E+02   6.970656000000000E+02
0.000000000000000E+00   8.651741207475058E-05   0.000000000000000E+00   8.651741207475058E-05   1.500033346647140E-02   3.836600830222800E+02   2.102875131564103E-03   0.000000000000000E+00   1.619164004206193E+02   6.970656000000000E+02
0.000000000000000E+00   8.868034737661936E-05   0.000000000000000E+00   8.868034737661936E-05   1.500320992367189E-02   3.891106475858690E+02   2.144065911161282E-03   0.000000000000000E+00   1.618853573572858E+02   6.970656000000000E+02
0.000000000000000E+00   9.084328267848812E-05   0.000000000000000E+00   9.084328267848812E-05   1.500830627436689E-02   3.943612399264517E+02   2.185110606477759E-03   0.000000000000000E+00   1.618303861607766E+02   6.970656000000000E+02
0.000000000000000E+00   9.300621798035688E-05   0.000000000000000E+00   9.300621798035688E-05   1.501538438277367E-02   3.994232046332985E+02   2.226060275789954E-03   0.000000000000000E+00   1.617541008664706E+02   6.970656000000000E+02
0.000000000000000E+00   9.516915328222564E-05   0.000000000000000E+00   9.516915328222564E-05   1.502423393155804E-02   4.043072701434496E+02   2.266948829259475E-03   0.000000000000000E+00   1.616588247403659E+02   6.970656000000000E+02
0.000000000000000E+00   9.733208858409441E-05   0.000000000000000E+00   9.733208858409441E-05   1.503466909213431E-02   4.090235518457453E+02   2.307820650239578E-03   0.000000000000000E+00   1.615466216859190E+02   6.970656000000000E+02
0.000000000000000E+00   9.949502388596319E-05   0.000000000000000E+00   9.949502388596319E-05   1.504652558097689E-02   4.135815661274643E+02   2.348685683009249E-03   0.000000000000000E+00   1.614193248088249E+02   6.970656000000000E+02
0.000000000000000E+00   1.016579591878320E-04   0.000000000000000E+00   1.016579591878320E-04   1.505965789415952E-02   4.179901966115108E+02   2.389568559246480E-03   0.000000000000000E+00   1.612785640331142E+02   6.970656000000000E+02
0.000000000000000E+00   1.038208944897007E-04   0.000000000000000E+00   1.038208944897007E-04   1.507393732296812E-02   4.222578304459612E+02   2.430539678134143E-03   0.000000000000000E+00   1.611257860478989E+02   6.970656000000000E+02
0.000000000000000E+00   1.059838297915695E-04   0.000000000000000E+00   1.059838297915695E-04   1.508924945159930E-02   4.263922287939421E+02   2.471572114257886E-03   0.000000000000000E+00   1.609622803169030E+02   6.970656000000000E+02
0.000000000000000E+00   1.081467650934382E-04   0.000000000000000E+00   1.081467650934382E-04   1.510549297990882E-02   4.304007323559335E+02   2.512670068097956E-03   0.000000000000000E+00   1.607891912717079E+02   6.970656000000000E+02
0.000000000000000E+00   1.103097003953070E-04   0.000000000000000E+00   1.103097003953070E-04   1.512257768009094E-02   4.342901487473026E+02   2.553920386194829E-03   0.000000000000000E+00   1.606075400225945E+02   6.970656000000000E+02
0.000000000000000E+00   1.124726356971758E-04   0.000000000000000E+00   1.124726356971758E-04   1.514042323451051E-02   4.380668398892469E+02   2.595298880374584E-03   0.000000000000000E+00   1.604182368207439E+02   6.970656000000000E+02
0.000000000000000E+00   1.146355709990445E-04   0.000000000000000E+00   1.146355709990445E-04   1.515895807038595E-02   4.417367529970497E+02   2.636819883849068E-03   0.000000000000000E+00   1.602220936770598E+02   6.970656000000000E+02
0.000000000000000E+00   1.167985063009133E-04   0.000000000000000E+00   1.167985063009133E-04   1.517811834393658E-02   4.453054501646903E+02   2.678496849563319E-03   0.000000000000000E+00   1.600198354607156E+02   6.970656000000000E+02
0.000000000000000E+00   1.189614416027821E-04   0.000000000000000E+00   1.189614416027821E-04   1.519784705427063E-02   4.487781363538916E+02   2.720401548417616E-03   0.000000000000000E+00   1.598121096578282E+02   6.970656000000000E+02
0.000000000000000E+00   1.211243769046508E-04   0.000000000000000E+00   1.211243769046508E-04   1.521809326980133E-02   4.521596856902555E+02   2.762470637636723E-03   0.000000000000000E+00   1.595994949524782E+02   6.970656000000000E+02
0.000000000000000E+00   1.232873122065196E-04   0.000000000000000E+00   1.232873122065196E-04   1.523881111020407E-02   4.554546129018836E+02   2.804692208203536E-03   0.000000000000000E+00   1.593825123518757E+02   6.970656000000000E+02
0.000000000000000E+00   1.254502475083884E-04   0.000000000000000E+00   1.254502475083884E-04   1.525995953701969E-02   4.586671645115477E+02   2.847194145879025E-03   0.000000000000000E+00   1.591616277951383E+02   6.970656000000000E+02
0.000000000000000E+00   1.276131828102571E-04   0.000000000000000E+00   1.276131828102571E-04   1.528150227644555E-02   4.618013993902184E+02   2.889873394864956E-03   0.000000000000000E+00   1.589372534232894E+02   6.970656000000000E+02
0.000000000000000E+00   1.297761181121259E-04   0.000000000000000E+00   1.297761181121259E-04   1.530340545136978E-02   4.648609316029113E+02   2.932821600087157E-03   0.000000000000000E+00   1.587097726527662E+02   6.970656000000000E+02
0.000000000000000E+00   1.319390534139947E-04   0.000000000000000E+00   1.319390534139947E-04   1.532564022268150E-02   4.678493871155169E+02   2.975950220222315E-03   0.000000000000000E+00   1.584795130715287E+02   6.970656000000000E+02
0.000000000000000E+00   1.341019887158634E-04   0.000000000000000E+00   1.341019887158634E-04   1.534817935250864E-02   4.707699854605063E+02   3.019440119217192E-03   0.000000000000000E+00   1.582467825151533E+02   6.970656000000000E+02
0.000000000000000E+00   1.362649240177322E-04   0.000000000000000E+00   1.362649240177322E-04   1.537099870223006E-02   4.736258110812444E+02   3.063090983476126E-03   0.000000000000000E+00   1.580118538197276E+02   6.970656000000000E+02
0.000000000000000E+00   1.384278593196010E-04   0.000000000000000E+00   1.384278593196010E-04   1.539407699756285E-02   4.764198223746940E+02   3.106981899268873E-03   0.000000000000000E+00   1.577749676310260E+02   6.970656000000000E+02
0.000000000000000E+00   1.405907946214697E-04   0.000000000000000E+00   1.405907946214697E-04   1.541739457269027E-02   4.791547393426328E+02   3.151269681480692E-03   0.000000000000000E+00   1.575363456223839E+02   6.970656000000000E+02
0.000000000000000E+00   1.427537299233385E-04   0.000000000000000E+00   1.427537299233385E-04   1.544093334563093E-02   4.818330874517806E+02   3.195835635335794E-03   0.000000000000000E+00   1.572961909512574E+02   6.970656000000000E+02
0.000000000000000E+00   1.449166652252072E-04   0.000000000000000E+00   1.449166652252072E-04   1.546467745509366E-02   4.844573042247830E+02   3.240682263775239E-03   0.000000000000000E+00   1.570546820037308E+02   6.970656000000000E+02
0.000000000000000E+00   1.470796005270760E-04   0.000000000000000E+00   1.470796005270760E-04   1.548861272483563E-02   4.870297027134141E+02   3.285801939880369E-03   0.000000000000000E+00   1.568119781383310E+02   6.970656000000000E+02
0.000000000000000E+00   1.492425358289448E-04   0.000000000000000E+00   1.492425358289448E-04   1.551272610631731E-02   4.895524375543872E+02   3.331214493520016E-03   0.000000000000000E+00   1.565682255558493E+02   6.970656000000000E+02
0.000000000000000E+00   1.514054711308136E-04   0.000000000000000E+00   1.514054711308136E-04   1.553700582255388E-02   4.920275457858076E+02   3.376953709466414E-03   0.000000000000000E+00   1.563235560145249E+02   6.970656000000000E+02
0.000000000000000E+00   1.535684064326823E-04   0.000000000000000E+00   1.535684064326823E-04   1.556144124906139E-02   4.944569549288514E+02   3.423020252729130E-03   0.000000000000000E+00   1.560780882134870E+02   6.970656000000000E+02
0.000000000000000E+00   1.557313417345511E-04   0.000000000000000E+00   1.557313417345511E-04   1.558602280758839E-02   4.968424904343360E+02   3.469391963039848E-03   0.000000000000000E+00   1.558319290292252E+02   6.970656000000000E+02
0.000000000000000E+00   1.578942770364198E-04   0.000000000000000E+00   1.578942770364198E-04   1.561074187112977E-02   4.991858825481186E+02   3.516060584912238E-03   0.000000000000000E+00   1.555851746220838E+02   6.970656000000000E+02
0.000000000000000E+00   1.600572123382886E-04   0.000000000000000E+00   1.600572123382886E-04   1.563559017691035E-02   5.014887266353290E+02   3.563049699949023E-03   0.000000000000000E+00   1.553379164149939E+02   6.970656000000000E+02
0.000000000000000E+00   1.622201476401574E-04   0.000000000000000E+00   1.622201476401574E-04   1.566056065230068E-02   5.037525748637840E+02   3.610403342165945E-03   0.000000000000000E+00   1.550902329696088E+02   6.970656000000000E+02
0.000000000000000E+00   1.643830829420261E-04   0.000000000000000E+00   1.643830829420261E-04   1.568564736402350E-02   5.059789389287882E+02   3.658223293793978E-03   0.000000000000000E+00   1.548421906749402E+02   6.970656000000000E+02
0.000000000000000E+00   1.665460182438949E-04   0.000000000000000E+00   1.665460182438949E-04   1.571084470328128E-02   5.081692264512191E+02   3.706385421447996E-03   0.000000000000000E+00   1.545938519456394E+02   6.970656000000000E+02
0.000000000000000E+00   1.687089535457636E-04   0.000000000000000E+00   1.687089535457636E-04   1.573614766614142E-02   5.103247770523794E+02   3.754796181962324E-03   0.000000000000000E+00   1.543452725234596E+02   6.970656000000000E+02
0.000000000000000E+00   1.708718888476324E-04   0.000000000000000E+00   1.708718888476324E-04   1.576154994462671E-02   5.124467128214631E+02   3.803533824975619E-03   0.000000000000000E+00   1.540965202364508E+02   6.970656000000000E+02
0.000000000000000E+00   1.730348241495012E-04   0.000000000000000E+00   1.730348241495012E-04   1.578704888288878E-02   5.145363626634530E+02   3.852831716502040E-03   0.000000000000000E+00   1.538476264954447E+02   6.970656000000000E+02
0.000000000000000E+00   1.751977594513699E-04   0.000000000000000E+00   1.751977594513699E-04   1.581264120739742E-02   5.165949043863765E+02   3.902405605840963E-03   0.000000000000000E+00   1.535986283470320E+02   6.970656000000000E+02
0.000000000000000E+00   1.773606947532387E-04   0.000000000000000E+00   1.773606947532387E-04   1.583832159435992E-02   5.186232674263467E+02   3.952253573155764E-03   0.000000000000000E+00   1.533495822477114E+02   6.970656000000000E+02
0.000000000000000E+00   1.795236300551075E-04   0.000000000000000E+00   1.795236300551075E-04   1.586408861591956E-02   5.206226129796320E+02   4.002680183571381E-03   0.000000000000000E+00   1.531005063576553E+02   6.970656000000000E+02
0.000000000000000E+00   1.816865653569762E-04   0.000000000000000E+00   1.816865653569762E-04   1.588993985391237E-02   5.225939456651246E+02   4.053290650818342E-03   0.000000000000000E+00   1.528514281570417E+02   6.970656000000000E+02
0.000000000000000E+00   1.838495006588450E-04   0.000000000000000E+00   1.838495006588450E-04   1.591587096701653E-02   5.245380581844088E+02   4.104478117876030E-03   0.000000000000000E+00   1.526023932358685E+02   6.970656000000000E+02
0.000000000000000E+00   1.860124359607138E-04   0.000000000000000E+00   1.860124359607138E-04   1.594188295322057E-02   5.264560805079262E+02   4.155967883606755E-03   0.000000000000000E+00   1.523533955886520E+02   6.970656000000000E+02
0.000000000000000E+00   1.881753712625825E-04   0.000000000000000E+00   1.881753712625825E-04   1.596797021377932E-02   5.283485945053772E+02   4.207872707964755E-03   0.000000000000000E+00   1.521044921479190E+02   6.970656000000000E+02
0.000000000000000E+00   1.903383065644513E-04   0.000000000000000E+00   1.903383065644513E-04   1.599413515956575E-02   5.302167123000347E+02   4.260194309254399E-03   0.000000000000000E+00   1.518556630770615E+02   6.970656000000000E+02
0.000000000000000E+00   1.925012418663201E-04   0.000000000000000E+00   1.925012418663201E-04   1.602037256243273E-02   5.320609443973601E+02   4.312889736816097E-03   0.000000000000000E+00   1.516069611074751E+02   6.970656000000000E+02
0.000000000000000E+00   1.946641771681888E-04   0.000000000000000E+00   1.946641771681888E-04   1.604668533977692E-02   5.338823300252777E+02   4.365992699910038E-03   0.000000000000000E+00   1.513583614666781E+02   6.970656000000000E+02
0.000000000000000E+00   1.968271124700576E-04   0.000000000000000E+00   1.968271124700576E-04   1.607306784142866E-02   5.356812670977029E+02   4.419553293669755E-03   0.000000000000000E+00   1.511099202692169E+02   6.970656000000000E+02
0.000000000000000E+00   1.989900477719264E-04   0.000000000000000E+00   1.989900477719264E-04   1.609952374426024E-02   5.374587528488432E+02   4.473413716146265E-03   0.000000000000000E+00   1.508616055096605E+02   6.970656000000000E+02
0.000000000000000E+00   2.011529830737951E-04   0.000000000000000E+00   2.011529830737951E-04   1.612604897743532E-02   5.392152186146863E+02   4.527885858393355E-03   0.000000000000000E+00   1.506134579771241E+02   6.970656000000000E+02
0.000000000000000E+00   2.033159183756639E-04   0.000000000000000E+00   2.033159183756639E-04   1.615264498328803E-02   5.409514295629042E+02   4.582661381512090E-03   0.000000000000000E+00   1.503654666163284E+02   6.970656000000000E+02
0.000000000000000E+00   2.054788536775326E-04   0.000000000000000E+00   2.054788536775326E-04   1.617931155871445E-02   5.426680041641443E+02   4.637908379228939E-03   0.000000000000000E+00   1.501176357959314E+02   6.970656000000000E+02
0.000000000000000E+00   2.076417889794015E-04   0.000000000000000E+00   2.076417889794015E-04   1.620604584643033E-02   5.443653608067693E+02   4.693561608061465E-03   0.000000000000000E+00   1.498699943845331E+02   6.970656000000000E+02
0.000000000000000E+00   2.098047242812702E-04   0.000000000000000E+00   2.098047242812702E-04   1.623285102480730E-02   5.460442719962248E+02   4.749619424245637E-03   0.000000000000000E+00   1.496225152493711E+02   6.970656000000000E+02
0.000000000000000E+00   2.119676595831390E-04   0.000000000000000E+00   2.119676595831390E-04   1.625972520554403E-02   5.477051595174959E+02   4.806165669683364E-03   0.000000000000000E+00   1.493752181723133E+02   6.970656000000000E+02
0.000000000000000E+00   2.141305948850077E-04   0.000000000000000E+00   2.141305948850077E-04   1.628666762812793E-02   5.493484927575633E+02   4.863144812148402E-03   0.000000000000000E+00   1.491281123589294E+02   6.970656000000000E+02
0.000000000000000E+00   2.162935301868765E-04   0.000000000000000E+00   2.162935301868765E-04   1.631368077697658E-02   5.509749124051359E+02   4.920549396817363E-03   0.000000000000000E+00   1.488811772894167E+02   6.970656000000000E+02
0.000000000000000E+00   2.184564654887452E-04   0.000000000000000E+00   2.184564654887452E-04   1.634076384044965E-02   5.525848333769642E+02   4.978369619313240E-03   0.000000000000000E+00   1.486344227059808E+02   6.970656000000000E+02
0.000000000000000E+00   2.206194007906140E-04   0.000000000000000E+00   2.206194007906140E-04   1.636791494054474E-02   5.541785890353641E+02   5.036693709829267E-03   0.000000000000000E+00   1.483878679002450E+02   6.970656000000000E+02
0.000000000000000E+00   2.227823360924828E-04   0.000000000000000E+00   2.227823360924828E-04   1.639513735607709E-02   5.557567948223563E+02   5.095480111120719E-03   0.000000000000000E+00   1.481414853227644E+02   6.970656000000000E+02
0.000000000000000E+00   2.249452713943515E-04   0.000000000000000E+00   2.249452713943515E-04   1.642243141795461E-02   5.573198699022023E+02   5.154657317739903E-03   0.000000000000000E+00   1.478952743468058E+02   6.970656000000000E+02
0.000000000000000E+00   2.271082066962203E-04   0.000000000000000E+00   2.271082066962203E-04   1.644979559730972E-02   5.588681101586692E+02   5.214259994178589E-03   0.000000000000000E+00   1.476492510580021E+02   6.970656000000000E+02
0.000000000000000E+00   2.292711419980891E-04   0.000000000000000E+00   2.292711419980891E-04   1.647723058348843E-02   5.604019221506888E+02   5.274413718030958E-03   0.000000000000000E+00   1.474034114952462E+02   6.970656000000000E+02
0.000000000000000E+00   2.314340772999578E-04   0.000000000000000E+00   2.314340772999578E-04   1.650473857724248E-02   5.619217778614606E+02   5.335037053155429E-03   0.000000000000000E+00   1.471577382842613E+02   6.970656000000000E+02
0.000000000000000E+00   2.335970126018266E-04   0.000000000000000E+00   2.335970126018266E-04   1.653232012561438E-02   5.634280391037829E+02   5.396094076713774E-03   0.000000000000000E+00   1.469122289881705E+02   6.970656000000000E+02
0.000000000000000E+00   2.357599479036954E-04   0.000000000000000E+00   2.357599479036954E-04   1.655997574079934E-02   5.649210507106861E+02   5.457478120345478E-03   0.000000000000000E+00   1.466668815230259E+02   6.970656000000000E+02
0.000000000000000E+00   2.379228832055641E-04   0.000000000000000E+00   2.379228832055641E-04   1.658770304738969E-02   5.664009900956517E+02   5.519433892524579E-03   0.000000000000000E+00   1.464217193339620E+02   6.970656000000000E+02
0.000000000000000E+00   2.400858185074329E-04   0.000000000000000E+00   2.400858185074329E-04   1.661550584785489E-02   5.678683523622543E+02   5.581919158404034E-03   0.000000000000000E+00   1.461767112142159E+02   6.970656000000000E+02
0.000000000000000E+00   2.422487538093017E-04   0.000000000000000E+00   2.422487538093017E-04   1.664338485026218E-02   5.693234515399874E+02   5.644881693659563E-03   0.000000000000000E+00   1.459318535172694E+02   6.970656000000000E+02
0.000000000000000E+00   2.444116891111705E-04   0.000000000000000E+00   2.444116891111705E-04   1.667134079528530E-02   5.707665909818533E+02   5.708322922759673E-03   0.000000000000000E+00   1.456871423735079E+02   6.970656000000000E+02
0.000000000000000E+00   2.465746244130392E-04   0.000000000000000E+00   2.465746244130392E-04   1.669937445387747E-02   5.721980638161269E+02   5.772171658553090E-03   0.000000000000000E+00   1.454425737148526E+02   6.970656000000000E+02
0.000000000000000E+00   2.487375597149080E-04   0.000000000000000E+00   2.487375597149080E-04   1.672748644656626E-02   5.736181444036364E+02   5.836339643969729E-03   0.000000000000000E+00   1.451981448473134E+02   6.970656000000000E+02
0.000000000000000E+00   2.509004950167767E-04   0.000000000000000E+00   2.509004950167767E-04   1.675567544664745E-02   5.750269999900898E+02   5.901061636615542E-03   0.000000000000000E+00   1.449538699728136E+02   6.970656000000000E+02
0.000000000000000E+00   2.530634303186454E-04   0.000000000000000E+00   2.530634303186454E-04   1.678394470658397E-02   5.764250173584710E+02   5.966394762800656E-03   0.000000000000000E+00   1.447097236353046E+02   6.970656000000000E+02
0.000000000000000E+00   2.552263656205142E-04   0.000000000000000E+00   2.552263656205142E-04   1.681229510203145E-02   5.778124527994868E+02   6.032212266182495E-03   0.000000000000000E+00   1.444657011585840E+02   6.970656000000000E+02
0.000000000000000E+00   2.573893009223830E-04   0.000000000000000E+00   2.573893009223830E-04   1.684072752963849E-02   5.791895543181546E+02   6.098515193065039E-03   0.000000000000000E+00   1.442217977652975E+02   6.970656000000000E+02
0.000000000000000E+00   2.595522362242518E-04   0.000000000000000E+00   2.595522362242518E-04   1.686924290556847E-02   5.805565619651107E+02   6.165304529310429E-03   0.000000000000000E+00   1.439780085920906E+02   6.970656000000000E+02
0.000000000000000E+00   2.617151715261205E-04   0.000000000000000E+00   2.617151715261205E-04   1.689784216412693E-02   5.819137081517397E+02   6.232581200734721E-03   0.000000000000000E+00   1.437343287035898E+02   6.970656000000000E+02
0.000000000000000E+00   2.638781068279893E-04   0.000000000000000E+00   2.638781068279893E-04   1.692652625648676E-02   5.832612179500521E+02   6.300316675763624E-03   0.000000000000000E+00   1.434907531053048E+02   6.970656000000000E+02
0.000000000000000E+00   2.660410421298581E-04   0.000000000000000E+00   2.660410421298581E-04   1.695529614950389E-02   5.845993093781807E+02   6.368461804575185E-03   0.000000000000000E+00   1.432472767555326E+02   6.970656000000000E+02
0.000000000000000E+00   2.682039774317269E-04   0.000000000000000E+00   2.682039774317269E-04   1.698415282461722E-02   5.859281936723113E+02   6.437057372501604E-03   0.000000000000000E+00   1.430038945763395E+02   6.970656000000000E+02
0.000000000000000E+00   2.703669127335956E-04   0.000000000000000E+00   2.703669127335956E-04   1.701309727682646E-02   5.872480755458029E+02   6.506153780485314E-03   0.000000000000000E+00   1.427606014636893E+02   6.970656000000000E+02
0.000000000000000E+00   2.725298480354644E-04   0.000000000000000E+00   2.725298480354644E-04   1.704212953510763E-02   5.885591094571466E+02   6.575752188461994E-03   0.000000000000000E+00   1.425174004807646E+02   6.970656000000000E+02
0.000000000000000E+00   2.746927833373331E-04   0.000000000000000E+00   2.746927833373331E-04   1.707125144248062E-02   5.898615257299216E+02   6.645853012758327E-03   0.000000000000000E+00   1.422742795502444E+02   6.970656000000000E+02
0.000000000000000E+00   2.768557186392019E-04   0.000000000000000E+00   2.768557186392019E-04   1.710046430256956E-02   5.911555231729693E+02   6.716456820340980E-03   0.000000000000000E+00   1.420312312593198E+02   6.970656000000000E+02
0.000000000000000E+00   2.790186539410707E-04   0.000000000000000E+00   2.790186539410707E-04   1.712976915976270E-02   5.924412827696259E+02   6.787564225397695E-03   0.000000000000000E+00   1.417882504631281E+02   6.970656000000000E+02
0.000000000000000E+00   2.811815892429394E-04   0.000000000000000E+00   2.811815892429394E-04   1.715916706791703E-02   5.937189801079048E+02   6.859175788350352E-03   0.000000000000000E+00   1.415453320307834E+02   6.970656000000000E+02
0.000000000000000E+00   2.833445245448082E-04   0.000000000000000E+00   2.833445245448082E-04   1.718865908972676E-02   5.949887855772600E+02   6.931304080724303E-03   0.000000000000000E+00   1.413024708513554E+02   6.970656000000000E+02
0.000000000000000E+00   2.855074598466770E-04   0.000000000000000E+00   2.855074598466770E-04   1.721824629611042E-02   5.962508645554196E+02   7.003942517958166E-03   0.000000000000000E+00   1.410596618395837E+02   6.970656000000000E+02
0.000000000000000E+00   2.876703951485457E-04   0.000000000000000E+00   2.876703951485457E-04   1.724792976564740E-02   5.975053775872541E+02   7.077074284236461E-03   0.000000000000000E+00   1.408168999410832E+02   6.970656000000000E+02
0.000000000000000E+00   2.898333304504145E-04   0.000000000000000E+00   2.898333304504145E-04   1.727771058405530E-02   5.987524805558652E+02   7.150699549453791E-03   0.000000000000000E+00   1.405741801371192E+02   6.970656000000000E+02
0.000000000000000E+00   2.919962657522833E-04   0.000000000000000E+00   2.919962657522833E-04   1.730758984370574E-02   5.999923248462962E+02   7.224818427260847E-03   0.000000000000000E+00   1.403314974489809E+02   6.970656000000000E+02
0.000000000000000E+00   2.941592010541521E-04   0.000000000000000E+00   2.941592010541521E-04   1.733756864317558E-02   6.012250575022417E+02   7.299457060097917E-03   0.000000000000000E+00   1.400888469419860E+02   6.970656000000000E+02
0.000000000000000E+00   2.963221363560208E-04   0.000000000000000E+00   2.963221363560208E-04   1.736764808683181E-02   6.024508213761148E+02   7.374608894562479E-03   0.000000000000000E+00   1.398462237291371E+02   6.970656000000000E+02
0.000000000000000E+00   2.984850716578896E-04   0.000000000000000E+00   2.984850716578896E-04   1.739782928444749E-02   6.036697552728077E+02   7.450267438212128E-03   0.000000000000000E+00   1.396036229744585E+02   6.970656000000000E+02
0.000000000000000E+00   3.006480069597583E-04   0.000000000000000E+00   3.006480069597583E-04   1.742811335084706E-02   6.048819940874608E+02   7.526432771833087E-03   0.000000000000000E+00   1.393610398960340E+02   6.970656000000000E+02
0.000000000000000E+00   3.028109422616271E-04   0.000000000000000E+00   3.028109422616271E-04   1.745850140557892E-02   6.060876689375402E+02   7.603104923704227E-03   0.000000000000000E+00   1.391184697687666E+02   6.970656000000000E+02
0.000000000000000E+00   3.049738775634959E-04   0.000000000000000E+00   3.049738775634959E-04   1.748899457260683E-02   6.072869072892322E+02   7.680283870793217E-03   0.000000000000000E+00   1.388759079269343E+02   6.970656000000000E+02
0.000000000000000E+00   3.071368128653646E-04   0.000000000000000E+00   3.071368128653646E-04   1.751959398005825E-02   6.084798330799815E+02   7.757969536954347E-03   0.000000000000000E+00   1.386333497662441E+02   6.970656000000000E+02
0.000000000000000E+00   3.092997481672334E-04   0.000000000000000E+00   3.092997481672334E-04   1.755030075993254E-02   6.096665668336705E+02   7.836161794948190E-03   0.000000000000000E+00   1.383907907461601E+02   6.970656000000000E+02
0.000000000000000E+00   3.114626834691021E-04   0.000000000000000E+00   3.114626834691021E-04   1.758111590425769E-02   6.108472202940397E+02   7.914860530354650E-03   0.000000000000000E+00   1.381482275201774E+02   6.970656000000000E+02
0.000000000000000E+00   3.136256187709709E-04   0.000000000000000E+00   3.136256187709709E-04   1.761203918793584E-02   6.120218560336605E+02   7.994066133363505E-03   0.000000000000000E+00   1.379056663503063E+02   6.970656000000000E+02
0.000000000000000E+00   3.157885540728397E-04   0.000000000000000E+00   3.157885540728397E-04   1.764307306218661E-02   6.131906355301584E+02   8.073777739834578E-03   0.000000000000000E+00   1.376630925598505E+02   6.970656000000000E+02
0.000000000000000E+00   3.179514893747084E-04   0.000000000000000E+00   3.179514893747084E-04   1.767421866726807E-02   6.143536667086329E+02   8.153995021163160E-03   0.000000000000000E+00   1.374205019030368E+02   6.970656000000000E+02
0.000000000000000E+00   3.201144246765772E-04   0.000000000000000E+00   3.201144246765772E-04   1.770547714625860E-02   6.155110545977004E+02   8.234717597735796E-03   0.000000000000000E+00   1.371778902051921E+02   6.970656000000000E+02
0.000000000000000E+00   3.222773599784460E-04   0.000000000000000E+00   3.222773599784460E-04   1.773684964490948E-02   6.166629014212886E+02   8.315945039053483E-03   0.000000000000000E+00   1.369352533637264E+02   6.970656000000000E+02
0.000000000000000E+00   3.244402952803147E-04   0.000000000000000E+00   3.244402952803147E-04   1.776833731151205E-02   6.178093066869465E+02   8.397626656146075E-03   0.000000000000000E+00   1.366925873489799E+02   6.970656000000000E+02
0.000000000000000E+00   3.266032305821835E-04   0.000000000000000E+00   3.266032305821835E-04   1.779994129677926E-02   6.189503672708256E+02   8.479706930150276E-03   0.000000000000000E+00   1.364498882049386E+02   6.970656000000000E+02
0.000000000000000E+00   3.287661658840522E-04   0.000000000000000E+00   3.287661658840522E-04   1.783166275374006E-02   6.200861774994887E+02   8.562235067589765E-03   0.000000000000000E+00   1.362071520498321E+02   6.970656000000000E+02
0.000000000000000E+00   3.309291011859210E-04   0.000000000000000E+00   3.309291011859210E-04   1.786350283764671E-02   6.212168292286854E+02   8.645383296050555E-03   0.000000000000000E+00   1.359643750766164E+02   6.970656000000000E+02
0.000000000000000E+00   3.330920364877898E-04   0.000000000000000E+00   3.330920364877898E-04   1.789546270588581E-02   6.223424119189555E+02   8.729149911921686E-03   0.000000000000000E+00   1.357215535534138E+02   6.970656000000000E+02
0.000000000000000E+00   3.352549717896585E-04   0.000000000000000E+00   3.352549717896585E-04   1.792754351793862E-02   6.234630127097989E+02   8.813417786826835E-03   0.000000000000000E+00   1.354786838235646E+02   6.970656000000000E+02
0.000000000000000E+00   3.374179070915273E-04   0.000000000000000E+00   3.374179070915273E-04   1.795974643527996E-02   6.245787164886650E+02   8.898186124354706E-03   0.000000000000000E+00   1.352357623061363E+02   6.970656000000000E+02
0.000000000000000E+00   3.395808423933961E-04   0.000000000000000E+00   3.395808423933961E-04   1.799207078195910E-02   6.256895430051595E+02   8.983454995789427E-03   0.000000000000000E+00   1.349927992966430E+02   6.970656000000000E+02
0.000000000000000E+00   3.417437776952648E-04   0.000000000000000E+00   3.417437776952648E-04   1.802451732094831E-02   6.267955607071315E+02   9.069223727363384E-03   0.000000000000000E+00   1.347497942248484E+02   6.970656000000000E+02
0.000000000000000E+00   3.439067129971336E-04   0.000000000000000E+00   3.439067129971336E-04   1.805708919601025E-02   6.278969165046470E+02   9.155490395173797E-03   0.000000000000000E+00   1.345067288329422E+02   6.970656000000000E+02
0.000000000000000E+00   3.460696482990023E-04   0.000000000000000E+00   3.460696482990023E-04   1.808978756989421E-02   6.289936868974910E+02   9.242254007660242E-03   0.000000000000000E+00   1.342635998690284E+02   6.970656000000000E+02
0.000000000000000E+00   3.482325836008711E-04   0.000000000000000E+00   3.482325836008711E-04   1.812261360709071E-02   6.300859464496032E+02   9.329375197942988E-03   0.000000000000000E+00   1.340204041568099E+02   6.970656000000000E+02
0.000000000000000E+00   3.503955189027399E-04   0.000000000000000E+00   3.503955189027399E-04   1.815556847382444E-02   6.311737678459591E+02   9.417103583279707E-03   0.000000000000000E+00   1.337771385953401E+02   6.970656000000000E+02
0.000000000000000E+00   3.525584542046087E-04   0.000000000000000E+00   3.525584542046087E-04   1.818865333805528E-02   6.322572219475154E+02   9.505376398644686E-03   0.000000000000000E+00   1.335338001587140E+02   6.970656000000000E+02
0.000000000000000E+00   3.547213895064774E-04   0.000000000000000E+00   3.547213895064774E-04   1.822186936948668E-02   6.333363778442986E+02   9.594141626744875E-03   0.000000000000000E+00   1.332903858957047E+02   6.970656000000000E+02
0.000000000000000E+00   3.568843248083462E-04   0.000000000000000E+00   3.568843248083462E-04   1.825521669316780E-02   6.344112693101847E+02   9.683398564191517E-03   0.000000000000000E+00   1.330469005557739E+02   6.970656000000000E+02
0.000000000000000E+00   3.590472601102150E-04   0.000000000000000E+00   3.590472601102150E-04   1.828869283607728E-02   6.354818466837846E+02   9.773147864401440E-03   0.000000000000000E+00   1.328033677294211E+02   6.970656000000000E+02
0.000000000000000E+00   3.612101954120838E-04   0.000000000000000E+00   3.612101954120838E-04   1.832230335529860E-02   6.365483160352101E+02   9.863385865285144E-03   0.000000000000000E+00   1.325597526087035E+02   6.970656000000000E+02
0.000000000000000E+00   3.633731307139525E-04   0.000000000000000E+00   3.633731307139525E-04   1.835604942040463E-02   6.376107398197287E+02   9.954101796758734E-03   0.000000000000000E+00   1.323160525652181E+02   6.970656000000000E+02
0.000000000000000E+00   3.655360660158212E-04   0.000000000000000E+00   3.655360660158212E-04   1.838993220271752E-02   6.386691789608974E+02   1.004547964826740E-02   0.000000000000000E+00   1.320722650429941E+02   6.970656000000000E+02
0.000000000000000E+00   3.676990013176900E-04   0.000000000000000E+00   3.676990013176900E-04   1.842395287534756E-02   6.397236928938245E+02   1.013720122231579E-02   0.000000000000000E+00   1.318283875579106E+02   6.970656000000000E+02
0.000000000000000E+00   3.698619366195588E-04   0.000000000000000E+00   3.698619366195588E-04   1.845811261324451E-02   6.407743396072532E+02   1.022940542946172E-02   0.000000000000000E+00   1.315844176970309E+02   6.970656000000000E+02
0.000000000000000E+00   3.720248719214275E-04   0.000000000000000E+00   3.720248719214275E-04   1.849241000296395E-02   6.418210969329565E+02   1.032209209626712E-02   0.000000000000000E+00   1.313403715151629E+02   6.970656000000000E+02
0.000000000000000E+00   3.741878072232963E-04   0.000000000000000E+00   3.741878072232963E-04   1.852684404337351E-02   6.428639561318807E+02   1.041526081040367E-02   0.000000000000000E+00   1.310962619598834E+02   6.970656000000000E+02
0.000000000000000E+00   3.763507425251651E-04   0.000000000000000E+00   3.763507425251651E-04   1.856142033082638E-02   6.439031065705390E+02   1.050890741096534E-02   0.000000000000000E+00   1.308520553228518E+02   6.970656000000000E+02
0.000000000000000E+00   3.785136778270338E-04   0.000000000000000E+00   3.785136778270338E-04   1.859614003999354E-02   6.449386007922252E+02   1.060333951849980E-02   0.000000000000000E+00   1.306077494994410E+02   6.970656000000000E+02
0.000000000000000E+00   3.806766131289026E-04   0.000000000000000E+00   3.806766131289026E-04   1.863100434755727E-02   6.459704900841787E+02   1.069812639135562E-02   0.000000000000000E+00   1.303633424527885E+02   6.970656000000000E+02
0.000000000000000E+00   3.828395484307714E-04   0.000000000000000E+00   3.828395484307714E-04   1.866601443229233E-02   6.469988245124583E+02   1.079322264760703E-02   0.000000000000000E+00   1.301188322129528E+02   6.970656000000000E+02
0.000000000000000E+00   3.850024837326402E-04   0.000000000000000E+00   3.850024837326402E-04   1.870116845558208E-02   6.480235652686582E+02   1.088879091842354E-02   0.000000000000000E+00   1.298742378460867E+02   6.970656000000000E+02
0.000000000000000E+00   3.871654190345089E-04   0.000000000000000E+00   3.871654190345089E-04   1.873646479243543E-02   6.490446811280044E+02   1.098483090581850E-02   0.000000000000000E+00   1.296295767054515E+02   6.970656000000000E+02
0.000000000000000E+00   3.893283543363777E-04   0.000000000000000E+00   3.893283543363777E-04   1.877191006064910E-02   6.500623778456502E+02   1.108148844737321E-02   0.000000000000000E+00   1.293848091192067E+02   6.970656000000000E+02
0.000000000000000E+00   3.914912896382464E-04   0.000000000000000E+00   3.914912896382464E-04   1.880750543911702E-02   6.510767008695215E+02   1.117895303425156E-02   0.000000000000000E+00   1.291399334091607E+02   6.970656000000000E+02
0.000000000000000E+00   3.936542249401152E-04   0.000000000000000E+00   3.936542249401152E-04   1.884325210911717E-02   6.520876945846011E+02   1.127657310808026E-02   0.000000000000000E+00   1.288949479599036E+02   6.970656000000000E+02
0.000000000000000E+00   3.958171602419840E-04   0.000000000000000E+00   3.958171602419840E-04   1.887915125441987E-02   6.530954023421285E+02   1.137449380069595E-02   0.000000000000000E+00   1.286498512178287E+02   6.970656000000000E+02
0.000000000000000E+00   3.979800955438528E-04   0.000000000000000E+00   3.979800955438528E-04   1.891519517362613E-02   6.540996197910465E+02   1.147287744037326E-02   0.000000000000000E+00   1.284047020242503E+02   6.970656000000000E+02
0.000000000000000E+00   4.001430308457215E-04   0.000000000000000E+00   4.001430308457215E-04   1.895139229967800E-02   6.551005933774161E+02   1.157181726304305E-02   0.000000000000000E+00   1.281594492686043E+02   6.970656000000000E+02
0.000000000000000E+00   4.023059661475903E-04   0.000000000000000E+00   4.023059661475903E-04   1.898774502727373E-02   6.560983973651579E+02   1.167181473058771E-02   0.000000000000000E+00   1.279140833475121E+02   6.970656000000000E+02
0.000000000000000E+00   4.044689014494590E-04   0.000000000000000E+00   4.044689014494590E-04   1.902425454114605E-02   6.570930711774345E+02   1.177190496045669E-02   0.000000000000000E+00   1.276686029797878E+02   6.970656000000000E+02
0.000000000000000E+00   4.066318367513278E-04   0.000000000000000E+00   4.066318367513278E-04   1.906092202892007E-02   6.580846533365349E+02   1.187212501028373E-02   0.000000000000000E+00   1.274230069413703E+02   6.970656000000000E+02
0.000000000000000E+00   4.087947720531965E-04   0.000000000000000E+00   4.087947720531965E-04   1.909773951894937E-02   6.590729364561820E+02   1.197279626053632E-02   0.000000000000000E+00   1.271773550785982E+02   6.970656000000000E+02
0.000000000000000E+00   4.109577073550653E-04   0.000000000000000E+00   4.109577073550653E-04   1.913471457247853E-02   6.600581317785686E+02   1.207419374101382E-02   0.000000000000000E+00   1.269316033327899E+02   6.970656000000000E+02
0.000000000000000E+00   4.131206426569341E-04   0.000000000000000E+00   4.131206426569341E-04   1.917185070044609E-02   6.610403378278002E+02   1.217655733751097E-02   0.000000000000000E+00   1.266857351410256E+02   6.970656000000000E+02
0.000000000000000E+00   4.152835779588029E-04   0.000000000000000E+00   4.152835779588029E-04   1.920914909233316E-02   6.620195896880649E+02   1.227894517002381E-02   0.000000000000000E+00   1.264397495342151E+02   6.970656000000000E+02
0.000000000000000E+00   4.174465132606716E-04   0.000000000000000E+00   4.174465132606716E-04   1.924661078680562E-02   6.629959176545760E+02   1.238140269253618E-02   0.000000000000000E+00   1.261936466063441E+02   6.970656000000000E+02
0.000000000000000E+00   4.196094485625404E-04   0.000000000000000E+00   4.196094485625404E-04   1.928422426808072E-02   6.639690276744154E+02   1.248430051121370E-02   0.000000000000000E+00   1.259475085041483E+02   6.970656000000000E+02
0.000000000000000E+00   4.217723838644092E-04   0.000000000000000E+00   4.217723838644092E-04   1.932200308970258E-02   6.649392759082090E+02   1.258834392066609E-02   0.000000000000000E+00   1.257012530597513E+02   6.970656000000000E+02
0.000000000000000E+00   4.239353191662779E-04   0.000000000000000E+00   4.239353191662779E-04   1.935994844375038E-02   6.659066943473173E+02   1.269287874505108E-02   0.000000000000000E+00   1.254548795445809E+02   6.970656000000000E+02
0.000000000000000E+00   4.260982544681467E-04   0.000000000000000E+00   4.260982544681467E-04   1.939806152607759E-02   6.668713142798282E+02   1.279738402325337E-02   0.000000000000000E+00   1.252083872780209E+02   6.970656000000000E+02
0.000000000000000E+00   4.282611897700154E-04   0.000000000000000E+00   4.282611897700154E-04   1.943633678654482E-02   6.678329973317251E+02   1.290201406082887E-02   0.000000000000000E+00   1.249618190234995E+02   6.970656000000000E+02
0.000000000000000E+00   4.304241250718842E-04   0.000000000000000E+00   4.304241250718842E-04   1.947477421233113E-02   6.687917468797276E+02   1.300752540439047E-02   0.000000000000000E+00   1.247151814711218E+02   6.970656000000000E+02
0.000000000000000E+00   4.325870603737530E-04   0.000000000000000E+00   4.325870603737530E-04   1.951338241858940E-02   6.697477792344301E+02   1.311395916953066E-02   0.000000000000000E+00   1.244684262266191E+02   6.970656000000000E+02
0.000000000000000E+00   4.347499956756218E-04   0.000000000000000E+00   4.347499956756218E-04   1.955216260508388E-02   6.707011229753388E+02   1.322043947512696E-02   0.000000000000000E+00   1.242215528306047E+02   6.970656000000000E+02
0.000000000000000E+00   4.369129309774905E-04   0.000000000000000E+00   4.369129309774905E-04   1.959111391992710E-02   6.716517560722586E+02   1.332687585361943E-02   0.000000000000000E+00   1.239745738770650E+02   6.970656000000000E+02
0.000000000000000E+00   4.390758662793593E-04   0.000000000000000E+00   4.390758662793593E-04   1.963022568908646E-02   6.725994201034149E+02   1.343393403296802E-02   0.000000000000000E+00   1.237275637309818E+02   6.970656000000000E+02
0.000000000000000E+00   4.412388015812280E-04   0.000000000000000E+00   4.412388015812280E-04   1.966951246770413E-02   6.735444688990707E+02   1.354210045294743E-02   0.000000000000000E+00   1.234804372496730E+02   6.970656000000000E+02
0.000000000000000E+00   4.434017368830968E-04   0.000000000000000E+00   4.434017368830968E-04   1.970897546053714E-02   6.744869286040845E+02   1.365046711352850E-02   0.000000000000000E+00   1.232331941791258E+02   6.970656000000000E+02
0.000000000000000E+00   4.455646721849655E-04   0.000000000000000E+00   4.455646721849655E-04   1.974861587727085E-02   6.754268248173976E+02   1.375869338296195E-02   0.000000000000000E+00   1.229858343032214E+02   6.970656000000000E+02
0.000000000000000E+00   4.477276074868343E-04   0.000000000000000E+00   4.477276074868343E-04   1.978841823065146E-02   6.763637908447590E+02   1.386738266994894E-02   0.000000000000000E+00   1.227384610376734E+02   6.970656000000000E+02
0.000000000000000E+00   4.498905427887031E-04   0.000000000000000E+00   4.498905427887031E-04   1.982839913076728E-02   6.772982180560332E+02   1.397723147676183E-02   0.000000000000000E+00   1.224909779141618E+02   6.970656000000000E+02
0.000000000000000E+00   4.520534780905719E-04   0.000000000000000E+00   4.520534780905719E-04   1.986856046298002E-02   6.782301463425392E+02   1.408735956752458E-02   0.000000000000000E+00   1.222433806679376E+02   6.970656000000000E+02
0.000000000000000E+00   4.542164133924406E-04   0.000000000000000E+00   4.542164133924406E-04   1.990890344374328E-02   6.791595991763604E+02   1.419725691006420E-02   0.000000000000000E+00   1.219956692674248E+02   6.970656000000000E+02
0.000000000000000E+00   4.563793486943094E-04   0.000000000000000E+00   4.563793486943094E-04   1.994941161117912E-02   6.800861964920346E+02   1.430766882144651E-02   0.000000000000000E+00   1.217479516357748E+02   6.970656000000000E+02
0.000000000000000E+00   4.585422839961781E-04   0.000000000000000E+00   4.585422839961781E-04   1.999010201058692E-02   6.810103273943751E+02   1.441914609418889E-02   0.000000000000000E+00   1.215001303501947E+02   6.970656000000000E+02
0.000000000000000E+00   4.607052192980469E-04   0.000000000000000E+00   4.607052192980469E-04   2.003097704618800E-02   6.819320411004808E+02   1.453089517742802E-02   0.000000000000000E+00   1.212521982527164E+02   6.970656000000000E+02
0.000000000000000E+00   4.628681545999157E-04   0.000000000000000E+00   4.628681545999157E-04   2.007203713874649E-02   6.828513412424013E+02   1.464233968688365E-02   0.000000000000000E+00   1.210041603256858E+02   6.970656000000000E+02
0.000000000000000E+00   4.650310899017844E-04   0.000000000000000E+00   4.650310899017844E-04   2.011326464288012E-02   6.837678312191691E+02   1.475457445851317E-02   0.000000000000000E+00   1.207561300029814E+02   6.970656000000000E+02
0.000000000000000E+00   4.671940252036532E-04   0.000000000000000E+00   4.671940252036532E-04   2.015467974860029E-02   6.846819578844614E+02   1.486762261573387E-02   0.000000000000000E+00   1.205079926992478E+02   6.970656000000000E+02
0.000000000000000E+00   4.693569605055220E-04   0.000000000000000E+00   4.693569605055220E-04   2.019628368353052E-02   6.855937414822184E+02   1.498083550722730E-02   0.000000000000000E+00   1.202597486774567E+02   6.970656000000000E+02
0.000000000000000E+00   4.715198958073908E-04   0.000000000000000E+00   4.715198958073908E-04   2.023807207792923E-02   6.865030803573590E+02   1.509370149114206E-02   0.000000000000000E+00   1.200114314568899E+02   6.970656000000000E+02
0.000000000000000E+00   4.736828311092595E-04   0.000000000000000E+00   4.736828311092595E-04   2.028003515176820E-02   6.874097592875592E+02   1.520786586709419E-02   0.000000000000000E+00   1.197631060214526E+02   6.970656000000000E+02
0.000000000000000E+00   4.758457664111283E-04   0.000000000000000E+00   4.758457664111283E-04   2.032219000150880E-02   6.883141437657105E+02   1.532242367373613E-02   0.000000000000000E+00   1.195146782812126E+02   6.970656000000000E+02
0.000000000000000E+00   4.780087017129970E-04   0.000000000000000E+00   4.780087017129970E-04   2.036453786561890E-02   6.892162524721894E+02   1.543692510740324E-02   0.000000000000000E+00   1.192661486367683E+02   6.970656000000000E+02
0.000000000000000E+00   4.801716370148658E-04   0.000000000000000E+00   4.801716370148658E-04   2.040706643404899E-02   6.901158180264248E+02   1.555165171697630E-02   0.000000000000000E+00   1.190175965687832E+02   6.970656000000000E+02
0.000000000000000E+00   4.823345723167346E-04   0.000000000000000E+00   4.823345723167346E-04   2.044977995469830E-02   6.910129271515472E+02   1.566729354138133E-02   0.000000000000000E+00   1.187690041350292E+02   6.970656000000000E+02
0.000000000000000E+00   4.844975076186034E-04   0.000000000000000E+00   4.844975076186034E-04   2.049268941949540E-02   6.919078043797399E+02   1.578329612706597E-02   0.000000000000000E+00   1.185203147464578E+02   6.970656000000000E+02
0.000000000000000E+00   4.866604429204721E-04   0.000000000000000E+00   4.866604429204721E-04   2.053579607969647E-02   6.928004670030787E+02   1.589889131081731E-02   0.000000000000000E+00   1.182715289231631E+02   6.970656000000000E+02
0.000000000000000E+00   4.888233782223409E-04   0.000000000000000E+00   4.888233782223409E-04   2.057907616063355E-02   6.936904190623023E+02   1.601555744995577E-02   0.000000000000000E+00   1.180227907726071E+02   6.970656000000000E+02
0.000000000000000E+00   4.909863135242096E-04   0.000000000000000E+00   4.909863135242096E-04   2.062255483834597E-02   6.945781745176429E+02   1.613259211851637E-02   0.000000000000000E+00   1.177739624910025E+02   6.970656000000000E+02
0.000000000000000E+00   4.931492488260784E-04   0.000000000000000E+00   4.931492488260784E-04   2.066623362647389E-02   6.954637549883672E+02   1.624974781449794E-02   0.000000000000000E+00   1.175250432129372E+02   6.970656000000000E+02
0.000000000000000E+00   4.953121841279472E-04   0.000000000000000E+00   4.953121841279472E-04   2.071010078057042E-02   6.963469155217305E+02   1.636709870156835E-02   0.000000000000000E+00   1.172761072354909E+02   6.970656000000000E+02
0.000000000000000E+00   4.974751194298159E-04   0.000000000000000E+00   4.974751194298159E-04   2.075415615758617E-02   6.972276491587031E+02   1.648512414321169E-02   0.000000000000000E+00   1.170271622492448E+02   6.970656000000000E+02
0.000000000000000E+00   4.996380547316847E-04   0.000000000000000E+00   4.996380547316847E-04   2.079841454049079E-02   6.981062444787558E+02   1.660348036606264E-02   0.000000000000000E+00   1.167781320673055E+02   6.970656000000000E+02
0.000000000000000E+00   5.018009900335535E-04   0.000000000000000E+00   5.018009900335535E-04   2.084287550343716E-02   6.989826833129771E+02   1.672163272055471E-02   0.000000000000000E+00   1.165290268897625E+02   6.970656000000000E+02
0.000000000000000E+00   5.039639253354222E-04   0.000000000000000E+00   5.039639253354222E-04   2.088751493747029E-02   6.998564860418943E+02   1.684076821108071E-02   0.000000000000000E+00   1.162799886569060E+02   6.970656000000000E+02
0.000000000000000E+00   5.061268606372909E-04   0.000000000000000E+00   5.061268606372909E-04   2.093236025382390E-02   7.007281844024586E+02   1.696005825244633E-02   0.000000000000000E+00   1.160308713660854E+02   6.970656000000000E+02
0.000000000000000E+00   5.082897959391597E-04   0.000000000000000E+00   5.082897959391597E-04   2.097741273442044E-02   7.015977928353420E+02   1.707932667651413E-02   0.000000000000000E+00   1.157816757838179E+02   6.970656000000000E+02
0.000000000000000E+00   5.104527312410284E-04   0.000000000000000E+00   5.104527312410284E-04   2.102265224670029E-02   7.024649163549528E+02   1.719939471655745E-02   0.000000000000000E+00   1.155325204212149E+02   6.970656000000000E+02
0.000000000000000E+00   5.126156665428973E-04   0.000000000000000E+00   5.126156665428973E-04   2.106809170438892E-02   7.033297977893139E+02   1.731957335422412E-02   0.000000000000000E+00   1.152833409916300E+02   6.970656000000000E+02
0.000000000000000E+00   5.147786018447660E-04   0.000000000000000E+00   5.147786018447660E-04   2.111374119366500E-02   7.041926200467445E+02   1.744005043678817E-02   0.000000000000000E+00   1.150340897769809E+02   6.970656000000000E+02
0.000000000000000E+00   5.169415371466348E-04   0.000000000000000E+00   5.169415371466348E-04   2.115958864580137E-02   7.050531466000832E+02   1.756083019054036E-02   0.000000000000000E+00   1.147848401335505E+02   6.970656000000000E+02
0.000000000000000E+00   5.191044724485035E-04   0.000000000000000E+00   5.191044724485035E-04   2.120562931936022E-02   7.059112835981526E+02   1.768188870698351E-02   0.000000000000000E+00   1.145356246410742E+02   6.970656000000000E+02
0.000000000000000E+00   5.212674077503724E-04   0.000000000000000E+00   5.212674077503724E-04   2.125188287533082E-02   7.067673899516467E+02   1.780319251732295E-02   0.000000000000000E+00   1.142863441440923E+02   6.970656000000000E+02
0.000000000000000E+00   5.234303430522411E-04   0.000000000000000E+00   5.234303430522411E-04   2.129834417016150E-02   7.076213603496019E+02   1.792483245498859E-02   0.000000000000000E+00   1.140370340809260E+02   6.970656000000000E+02
0.000000000000000E+00   5.255932783541098E-04   0.000000000000000E+00   5.255932783541098E-04   2.134499299843835E-02   7.084728184401587E+02   1.804686167618646E-02   0.000000000000000E+00   1.137878096365596E+02   6.970656000000000E+02
0.000000000000000E+00   5.277562136559786E-04   0.000000000000000E+00   5.277562136559786E-04   2.139185754444660E-02   7.093222723949430E+02   1.816894315532877E-02   0.000000000000000E+00   1.135385272154884E+02   6.970656000000000E+02
0.000000000000000E+00   5.299191489578474E-04   0.000000000000000E+00   5.299191489578474E-04   2.143893831298378E-02   7.101697199040590E+02   1.829142744988937E-02   0.000000000000000E+00   1.132891920552371E+02   6.970656000000000E+02
0.000000000000000E+00   5.320820842597162E-04   0.000000000000000E+00   5.320820842597162E-04   2.148620209695942E-02   7.110145582054342E+02   1.841434394322981E-02   0.000000000000000E+00   1.130399867337982E+02   6.970656000000000E+02
0.000000000000000E+00   5.342450195615849E-04   0.000000000000000E+00   5.342450195615849E-04   2.153368441968676E-02   7.118574170417731E+02   1.853715237068120E-02   0.000000000000000E+00   1.127907306832971E+02   6.970656000000000E+02
0.000000000000000E+00   5.364079548634537E-04   0.000000000000000E+00   5.364079548634537E-04   2.158138662159510E-02   7.126983083686824E+02   1.866046580927293E-02   0.000000000000000E+00   1.125414248206673E+02   6.970656000000000E+02
0.000000000000000E+00   5.385708901653225E-04   0.000000000000000E+00   5.385708901653225E-04   2.162927540901765E-02   7.135366396023384E+02   1.878418150321215E-02   0.000000000000000E+00   1.122922499284182E+02   6.970656000000000E+02
0.000000000000000E+00   5.407338254671912E-04   0.000000000000000E+00   5.407338254671912E-04   2.167738215676710E-02   7.143729548897054E+02   1.890766451768704E-02   0.000000000000000E+00   1.120430494067658E+02   6.970656000000000E+02
0.000000000000000E+00   5.428967607690599E-04   0.000000000000000E+00   5.428967607690599E-04   2.172571160727340E-02   7.152073252644963E+02   1.903178592577194E-02   0.000000000000000E+00   1.117938065230912E+02   6.970656000000000E+02
0.000000000000000E+00   5.450596960709287E-04   0.000000000000000E+00   5.450596960709287E-04   2.177423115056946E-02   7.160391816145396E+02   1.915621467360154E-02   0.000000000000000E+00   1.115446962606751E+02   6.970656000000000E+02
0.000000000000000E+00   5.472226313727975E-04   0.000000000000000E+00   5.472226313727975E-04   2.182296883184483E-02   7.168689997004755E+02   1.928031830270154E-02   0.000000000000000E+00   1.112955812160540E+02   6.970656000000000E+02
0.000000000000000E+00   5.493855666746663E-04   0.000000000000000E+00   5.493855666746663E-04   2.187193202987595E-02   7.176968940373207E+02   1.940522302015034E-02   0.000000000000000E+00   1.110464314118379E+02   6.970656000000000E+02
0.000000000000000E+00   5.515485019765350E-04   0.000000000000000E+00   5.515485019765350E-04   2.192108694277246E-02   7.185222868850547E+02   1.953027811649155E-02   0.000000000000000E+00   1.107974256176559E+02   6.970656000000000E+02
0.000000000000000E+00   5.537114372784038E-04   0.000000000000000E+00   5.537114372784038E-04   2.197046192522172E-02   7.193456493610660E+02   1.965494681085370E-02   0.000000000000000E+00   1.105484267134037E+02   6.970656000000000E+02
0.000000000000000E+00   5.558743725802727E-04   0.000000000000000E+00   5.558743725802727E-04   2.202006523090701E-02   7.201671079779344E+02   1.978060722821831E-02   0.000000000000000E+00   1.102994007752064E+02   6.970656000000000E+02
0.000000000000000E+00   5.580373078821414E-04   0.000000000000000E+00   5.580373078821414E-04   2.206985979556486E-02   7.209860430312722E+02   1.990620087678258E-02   0.000000000000000E+00   1.100505405334786E+02   6.970656000000000E+02
0.000000000000000E+00   5.602002431840101E-04   0.000000000000000E+00   5.602002431840101E-04   2.211987830539269E-02   7.218029871784616E+02   2.003137754956301E-02   0.000000000000000E+00   1.098016890720359E+02   6.970656000000000E+02
0.000000000000000E+00   5.623631784858788E-04   0.000000000000000E+00   5.623631784858788E-04   2.217012793974549E-02   7.226180462359462E+02   2.015776293079427E-02   0.000000000000000E+00   1.095528183960440E+02   6.970656000000000E+02
0.000000000000000E+00   5.645261137877477E-04   0.000000000000000E+00   5.645261137877477E-04   2.222056609173908E-02   7.234305238985788E+02   2.028380643068449E-02   0.000000000000000E+00   1.093041459867646E+02   6.970656000000000E+02
0.000000000000000E+00   5.666890490896164E-04   0.000000000000000E+00   5.666890490896164E-04   2.227123421352498E-02   7.242410831126292E+02   2.040943250666807E-02   0.000000000000000E+00   1.090554738329242E+02   6.970656000000000E+02
0.000000000000000E+00   5.688519843914852E-04   0.000000000000000E+00   5.688519843914852E-04   2.232213315562371E-02   7.250497259057788E+02   2.053651165333849E-02   0.000000000000000E+00   1.088068054727154E+02   6.970656000000000E+02
0.000000000000000E+00   5.710149196933539E-04   0.000000000000000E+00   5.710149196933539E-04   2.237322157146759E-02   7.258557907545378E+02   2.066291275713100E-02   0.000000000000000E+00   1.085583491962298E+02   6.970656000000000E+02
0.000000000000000E+00   5.731778549952228E-04   0.000000000000000E+00   5.731778549952228E-04   2.242454524862709E-02   7.266599949544793E+02   2.078892822631763E-02   0.000000000000000E+00   1.083098886987998E+02   6.970656000000000E+02
0.000000000000000E+00   5.753407902970915E-04   0.000000000000000E+00   5.753407902970915E-04   2.247609431842109E-02   7.274621731243958E+02   2.091666839762104E-02   0.000000000000000E+00   1.080614792584044E+02   6.970656000000000E+02
0.000000000000000E+00   5.775037255989602E-04   0.000000000000000E+00   5.775037255989602E-04   2.252784131764021E-02   7.282618934316263E+02   2.104333242220175E-02   0.000000000000000E+00   1.078132594132822E+02   6.970656000000000E+02
0.000000000000000E+00   5.796666609008289E-04   0.000000000000000E+00   5.796666609008289E-04   2.257982635348083E-02   7.290597694518170E+02   2.116997081213791E-02   0.000000000000000E+00   1.075650433257466E+02   6.970656000000000E+02
0.000000000000000E+00   5.818295962026977E-04   0.000000000000000E+00   5.818295962026977E-04   2.263202849954259E-02   7.298554709200429E+02   2.129803864557128E-02   0.000000000000000E+00   1.073169380309453E+02   6.970656000000000E+02
0.000000000000000E+00   5.839925315045666E-04   0.000000000000000E+00   5.839925315045666E-04   2.268443974209802E-02   7.306488714212926E+02   2.142487268500331E-02   0.000000000000000E+00   1.070689877119869E+02   6.970656000000000E+02
0.000000000000000E+00   5.861554668064353E-04   0.000000000000000E+00   5.861554668064353E-04   2.273709180161512E-02   7.314404433890185E+02   2.155251029206959E-02   0.000000000000000E+00   1.068210491118073E+02   6.970656000000000E+02
0.000000000000000E+00   5.883184021083041E-04   0.000000000000000E+00   5.883184021083041E-04   2.278994956689430E-02   7.322296519657726E+02   2.168042472041434E-02   0.000000000000000E+00   1.065732942001848E+02   6.970656000000000E+02
0.000000000000000E+00   5.904813374101728E-04   0.000000000000000E+00   5.904813374101728E-04   2.284303057289501E-02   7.330167549224228E+02   2.180733562268077E-02   0.000000000000000E+00   1.063256467765689E+02   6.970656000000000E+02
0.000000000000000E+00   5.926442727120417E-04   0.000000000000000E+00   5.926442727120417E-04   2.289635518536435E-02   7.338020446219098E+02   2.193605933410363E-02   0.000000000000000E+00   1.060780189832363E+02   6.970656000000000E+02
0.000000000000000E+00   5.948072080139104E-04   0.000000000000000E+00   5.948072080139104E-04   2.294987069017220E-02   7.345847402944377E+02   2.206362362047504E-02   0.000000000000000E+00   1.058306616533610E+02   6.970656000000000E+02
0.000000000000000E+00   5.969701433157791E-04   0.000000000000000E+00   5.969701433157791E-04   2.300362684291042E-02   7.353655658497171E+02   2.219052991041439E-02   0.000000000000000E+00   1.055833506857872E+02   6.970656000000000E+02
0.000000000000000E+00   5.991330786176478E-04   0.000000000000000E+00   5.991330786176478E-04   2.305761541027733E-02   7.361443918770200E+02   2.231982925183928E-02   0.000000000000000E+00   1.053361311125619E+02   6.970656000000000E+02
0.000000000000000E+00   6.012960139195167E-04   0.000000000000000E+00   6.012960139195167E-04   2.311180433003161E-02   7.369207522809849E+02   2.244725337673862E-02   0.000000000000000E+00   1.050891555378912E+02   6.970656000000000E+02
0.000000000000000E+00   6.034589492213854E-04   0.000000000000000E+00   6.034589492213854E-04   2.316624087993428E-02   7.376953188038019E+02   2.257531444559627E-02   0.000000000000000E+00   1.048422146945616E+02   6.970656000000000E+02
0.000000000000000E+00   6.056218845232542E-04   0.000000000000000E+00   6.056218845232542E-04   2.322089059372507E-02   7.384675937532518E+02   2.270398212816069E-02   0.000000000000000E+00   1.045954714870553E+02   6.970656000000000E+02
0.000000000000000E+00   6.077848198251229E-04   0.000000000000000E+00   6.077848198251229E-04   2.327576222890312E-02   7.392376975891300E+02   2.283122531445795E-02   0.000000000000000E+00   1.043488920411805E+02   6.970656000000000E+02
0.000000000000000E+00   6.099477551269918E-04   0.000000000000000E+00   6.099477551269918E-04   2.333088429857607E-02   7.400060220078321E+02   2.296057538553219E-02   0.000000000000000E+00   1.041023550122459E+02   6.970656000000000E+02
0.000000000000000E+00   6.121106904288605E-04   0.000000000000000E+00   6.121106904288605E-04   2.338619607904444E-02   7.407717169732564E+02   2.308837770580335E-02   0.000000000000000E+00   1.038561376886925E+02   6.970656000000000E+02
0.000000000000000E+00   6.142736257307292E-04   0.000000000000000E+00   6.142736257307292E-04   2.344175540364008E-02   7.415355800844920E+02   2.321590752215484E-02   0.000000000000000E+00   1.036099881676460E+02   6.970656000000000E+02
0.000000000000000E+00   6.164365610325980E-04   0.000000000000000E+00   6.164365610325980E-04   2.349754483106795E-02   7.422973630121552E+02   2.334528676534020E-02   0.000000000000000E+00   1.033639904705573E+02   6.970656000000000E+02
0.000000000000000E+00   6.185994963344667E-04   0.000000000000000E+00   6.185994963344667E-04   2.355354227323946E-02   7.430567614064568E+02   2.347258365989863E-02   0.000000000000000E+00   1.031182474306423E+02   6.970656000000000E+02
0.000000000000000E+00   6.207624316363356E-04   0.000000000000000E+00   6.207624316363356E-04   2.360979414040127E-02   7.438143987188892E+02   2.360147341488592E-02   0.000000000000000E+00   1.028725615122504E+02   6.970656000000000E+02
0.000000000000000E+00   6.229253669382043E-04   0.000000000000000E+00   6.229253669382043E-04   2.366624696952759E-02   7.445695501115797E+02   2.372964690437116E-02   0.000000000000000E+00   1.026271720703032E+02   6.970656000000000E+02
0.000000000000000E+00   6.250883022400731E-04   0.000000000000000E+00   6.250883022400731E-04   2.372293884168622E-02   7.453227225547828E+02   2.385683255110941E-02   0.000000000000000E+00   1.023819188764288E+02   6.970656000000000E+02
0.000000000000000E+00   6.272512375419418E-04   0.000000000000000E+00   6.272512375419418E-04   2.377987131455991E-02   7.460739290860515E+02   2.398647755138845E-02   0.000000000000000E+00   1.021368016618701E+02   6.970656000000000E+02
0.000000000000000E+00   6.294141728438107E-04   0.000000000000000E+00   6.294141728438107E-04   2.383700381148910E-02   7.468226321557958E+02   2.411353114087964E-02   0.000000000000000E+00   1.018920003204997E+02   6.970656000000000E+02
0.000000000000000E+00   6.315771081456794E-04   0.000000000000000E+00   6.315771081456794E-04   2.389439470674369E-02   7.475695923922332E+02   2.424209054988691E-02   0.000000000000000E+00   1.016472704083407E+02   6.970656000000000E+02
0.000000000000000E+00   6.337400434475480E-04   0.000000000000000E+00   6.337400434475480E-04   2.395199051518451E-02   7.483141088421485E+02   2.437014966277075E-02   0.000000000000000E+00   1.014028457660021E+02   6.970656000000000E+02
0.000000000000000E+00   6.359029787494167E-04   0.000000000000000E+00   6.359029787494167E-04   2.400982363798417E-02   7.490565985255864E+02   2.449704547301945E-02   0.000000000000000E+00   1.011585939414222E+02   6.970656000000000E+02
0.000000000000000E+00   6.380659140512856E-04   0.000000000000000E+00   6.380659140512856E-04   2.406790016392646E-02   7.497971329025008E+02   2.462645087906350E-02   0.000000000000000E+00   1.009144953842024E+02   6.970656000000000E+02
0.000000000000000E+00   6.402288493531544E-04   0.000000000000000E+00   6.402288493531544E-04   2.412617588464527E-02   7.505351467455622E+02   2.475296443288044E-02   0.000000000000000E+00   1.006707408423468E+02   6.970656000000000E+02
0.000000000000000E+00   6.423917846550231E-04   0.000000000000000E+00   6.423917846550231E-04   2.418471398104324E-02   7.512714363912971E+02   2.488136293716631E-02   0.000000000000000E+00   1.004270714925044E+02   6.970656000000000E+02
0.000000000000000E+00   6.445547199568919E-04   0.000000000000000E+00   6.445547199568919E-04   2.424345228356351E-02   7.520052161065486E+02   2.500875867646872E-02   0.000000000000000E+00   1.001837515380047E+02   6.970656000000000E+02
0.000000000000000E+00   6.467176552587607E-04   0.000000000000000E+00   6.467176552587607E-04   2.430243429635935E-02   7.527370281860440E+02   2.513546688908379E-02   0.000000000000000E+00   9.994060555340533E+01   6.970656000000000E+02
0.000000000000000E+00   6.488805905606295E-04   0.000000000000000E+00   6.488805905606295E-04   2.436165340334930E-02   7.534667848380137E+02   2.526406170952793E-02   0.000000000000000E+00   9.969766664794936E+01   6.970656000000000E+02
0.000000000000000E+00   6.510435258624981E-04   0.000000000000000E+00   6.510435258624981E-04   2.442107944848953E-02   7.541941135773742E+02   2.538974166257364E-02   0.000000000000000E+00   9.945506320156640E+01   6.970656000000000E+02
0.000000000000000E+00   6.532064611643669E-04   0.000000000000000E+00   6.532064611643669E-04   2.448077187656410E-02   7.549197376026318E+02   2.551819348123330E-02   0.000000000000000E+00   9.921255801272896E+01   6.970656000000000E+02
0.000000000000000E+00   6.553693964662356E-04   0.000000000000000E+00   6.553693964662356E-04   2.454064961481113E-02   7.556426698735007E+02   2.564430695414489E-02   0.000000000000000E+00   9.897048522033154E+01   6.970656000000000E+02
0.000000000000000E+00   6.575323317681045E-04   0.000000000000000E+00   6.575323317681045E-04   2.460078711314377E-02   7.563638087477696E+02   2.577098534899052E-02   0.000000000000000E+00   9.872854835211085E+01   6.970656000000000E+02
0.000000000000000E+00   6.596952670699732E-04   0.000000000000000E+00   6.596952670699732E-04   2.466114469082008E-02   7.570826737531023E+02   2.589812630402044E-02   0.000000000000000E+00   9.848691252779123E+01   6.970656000000000E+02
0.000000000000000E+00   6.618582023718420E-04   0.000000000000000E+00   6.618582023718420E-04   2.472172711764557E-02   7.577993214985585E+02   2.602314160967291E-02   0.000000000000000E+00   9.824556304022957E+01   6.970656000000000E+02
0.000000000000000E+00   6.640211376737107E-04   0.000000000000000E+00   6.640211376737107E-04   2.478256428415975E-02   7.585141013385055E+02   2.615127022698230E-02   0.000000000000000E+00   9.800438615435829E+01   6.970656000000000E+02
0.000000000000000E+00   6.661840729755796E-04   0.000000000000000E+00   6.661840729755796E-04   2.484359137845429E-02   7.592262519089245E+02   2.627555858385751E-02   0.000000000000000E+00   9.776364306596940E+01   6.970656000000000E+02
0.000000000000000E+00   6.683470082774483E-04   0.000000000000000E+00   6.683470082774483E-04   2.490488995018576E-02   7.599367231389330E+02   2.640246127119536E-02   0.000000000000000E+00   9.752301675928042E+01   6.970656000000000E+02
0.000000000000000E+00   6.705099435793170E-04   0.000000000000000E+00   6.705099435793170E-04   2.496637908887397E-02   7.606445755875745E+02   2.652742553892045E-02   0.000000000000000E+00   9.728282949458104E+01   6.970656000000000E+02
0.000000000000000E+00   6.726728788811858E-04   0.000000000000000E+00   6.726728788811858E-04   2.502812295363297E-02   7.613505483275355E+02   2.665263341811939E-02   0.000000000000000E+00   9.704283475431170E+01   6.970656000000000E+02
0.000000000000000E+00   6.748358141830546E-04   0.000000000000000E+00   6.748358141830546E-04   2.509008914139799E-02   7.620542677678728E+02   2.677837734391624E-02   0.000000000000000E+00   9.680316344482586E+01   6.970656000000000E+02
0.000000000000000E+00   6.769987494849234E-04   0.000000000000000E+00   6.769987494849234E-04   2.515227777793541E-02   7.627557361410948E+02   2.690188975620541E-02   0.000000000000000E+00   9.656381904825497E+01   6.970656000000000E+02
0.000000000000000E+00   6.791616847867921E-04   0.000000000000000E+00   6.791616847867921E-04   2.521472012194215E-02   7.634553033749911E+02   2.702836086209463E-02   0.000000000000000E+00   9.632468606647070E+01   6.970656000000000E+02
0.000000000000000E+00   6.813246200886609E-04   0.000000000000000E+00   6.813246200886609E-04   2.527735288732269E-02   7.641522615761479E+02   2.715065593500606E-02   0.000000000000000E+00   9.608601070004100E+01   6.970656000000000E+02
0.000000000000000E+00   6.834875553905297E-04   0.000000000000000E+00   6.834875553905297E-04   2.534026230790043E-02   7.648475690119781E+02   2.727642944686089E-02   0.000000000000000E+00   9.584746876289294E+01   6.970656000000000E+02
0.000000000000000E+00   6.856504906923985E-04   0.000000000000000E+00   6.856504906923985E-04   2.540334643300529E-02   7.655400994252383E+02   2.739894749215958E-02   0.000000000000000E+00   9.560945076292715E+01   6.970656000000000E+02
0.000000000000000E+00   6.878134259942671E-04   0.000000000000000E+00   6.878134259942671E-04   2.546670021447881E-02   7.662308966803458E+02   2.752300655453694E-02   0.000000000000000E+00   9.537160211353699E+01   6.970656000000000E+02
0.000000000000000E+00   6.899763612961359E-04   0.000000000000000E+00   6.899763612961359E-04   2.553025624778270E-02   7.669192243414277E+02   2.764600199500467E-02   0.000000000000000E+00   9.513418026154521E+01   6.970656000000000E+02
0.000000000000000E+00   6.921392965980047E-04   0.000000000000000E+00   6.921392965980047E-04   2.559405348944278E-02   7.676055061347814E+02   2.776837769060538E-02   0.000000000000000E+00   9.489704321364526E+01   6.970656000000000E+02
0.000000000000000E+00   6.943022318998735E-04   0.000000000000000E+00   6.943022318998735E-04   2.565807984075536E-02   7.682896109013551E+02   2.789178338553884E-02   0.000000000000000E+00   9.466024016895011E+01   6.970656000000000E+02
0.000000000000000E+00   6.964651672017422E-04   0.000000000000000E+00   6.964651672017422E-04   2.572231951970953E-02   7.689713721561800E+02   2.801245682408750E-02   0.000000000000000E+00   9.442383289496699E+01   6.970656000000000E+02
0.000000000000000E+00   6.986281025036110E-04   0.000000000000000E+00   6.986281025036110E-04   2.578681439224937E-02   7.696512336678976E+02   2.813620168099793E-02   0.000000000000000E+00   9.418767138332582E+01   6.970656000000000E+02
0.000000000000000E+00   7.007910378054798E-04   0.000000000000000E+00   7.007910378054798E-04   2.585149536308061E-02   7.703284695465895E+02   2.825522162767548E-02   0.000000000000000E+00   9.395201190058239E+01   6.970656000000000E+02
0.000000000000000E+00   7.029539731073486E-04   0.000000000000000E+00   7.029539731073486E-04   2.591645674876475E-02   7.710040672502814E+02   2.837871742890224E-02   0.000000000000000E+00   9.371651470511159E+01   6.970656000000000E+02
0.000000000000000E+00   7.051169084092173E-04   0.000000000000000E+00   7.051169084092173E-04   2.598157774346435E-02   7.716767731899658E+02   2.849737115888793E-02   0.000000000000000E+00   9.348162086157232E+01   6.970656000000000E+02
0.000000000000000E+00   7.072798437110860E-04   0.000000000000000E+00   7.072798437110860E-04   2.604698279211196E-02   7.723478754381292E+02   2.861918966898252E-02   0.000000000000000E+00   9.324688465396981E+01   6.970656000000000E+02
0.000000000000000E+00   7.094427790129549E-04   0.000000000000000E+00   7.094427790129549E-04   2.611256304624198E-02   7.730162581114461E+02   2.873787484212701E-02   0.000000000000000E+00   9.301270027376891E+01   6.970656000000000E+02
0.000000000000000E+00   7.116057143148236E-04   0.000000000000000E+00   7.116057143148236E-04   2.617840773963241E-02   7.736828338052932E+02   2.885807258875808E-02   0.000000000000000E+00   9.277875202176466E+01   6.970656000000000E+02
0.000000000000000E+00   7.137686496166924E-04   0.000000000000000E+00   7.137686496166924E-04   2.624444731382907E-02   7.743468995355621E+02   2.897669767678629E-02   0.000000000000000E+00   9.254529047446104E+01   6.970656000000000E+02
0.000000000000000E+00   7.159315849185611E-04   0.000000000000000E+00   7.159315849185611E-04   2.631073013975234E-02   7.750089451587571E+02   2.909527447880294E-02   0.000000000000000E+00   9.231214744323556E+01   6.970656000000000E+02
0.000000000000000E+00   7.180945202204300E-04   0.000000000000000E+00   7.180945202204300E-04   2.637722624150228E-02   7.756686729439564E+02   2.921374606275651E-02   0.000000000000000E+00   9.207943161887482E+01   6.970656000000000E+02
0.000000000000000E+00   7.202574555222987E-04   0.000000000000000E+00   7.202574555222987E-04   2.644394556851077E-02   7.763261853790560E+02   2.933070595205302E-02   0.000000000000000E+00   9.184711085217914E+01   6.970656000000000E+02
0.000000000000000E+00   7.224203908241675E-04   0.000000000000000E+00   7.224203908241675E-04   2.651089517338128E-02   7.769815541313336E+02   2.944892566397325E-02   0.000000000000000E+00   9.161516365689073E+01   6.970656000000000E+02
0.000000000000000E+00   7.245833261260361E-04   0.000000000000000E+00   7.245833261260361E-04   2.657804925165635E-02   7.776345306931190E+02   2.956427713280778E-02   0.000000000000000E+00   9.138368196261194E+01   6.970656000000000E+02
0.000000000000000E+00   7.267462614279049E-04   0.000000000000000E+00   7.267462614279049E-04   2.664544909874044E-02   7.782855192612667E+02   2.968214146371623E-02   0.000000000000000E+00   9.115252630944816E+01   6.970656000000000E+02
0.000000000000000E+00   7.289091967297737E-04   0.000000000000000E+00   7.289091967297737E-04   2.671303606120754E-02   7.789339577298482E+02   2.979589771891972E-02   0.000000000000000E+00   9.092190024506739E+01   6.970656000000000E+02
0.000000000000000E+00   7.310721320316425E-04   0.000000000000000E+00   7.310721320316425E-04   2.678088264856537E-02   7.795805449208214E+02   2.991329782233479E-02   0.000000000000000E+00   9.069155904501561E+01   6.970656000000000E+02
0.000000000000000E+00   7.332350673335112E-04   0.000000000000000E+00   7.332350673335112E-04   2.684890051225807E-02   7.802244435744169E+02   3.002547704920352E-02   0.000000000000000E+00   9.046180490300199E+01   6.970656000000000E+02
0.000000000000000E+00   7.353980026353800E-04   0.000000000000000E+00   7.353980026353800E-04   2.691719009241430E-02   7.808666081744407E+02   3.014229853751408E-02   0.000000000000000E+00   9.023230105598859E+01   6.970656000000000E+02
0.000000000000000E+00   7.375609379372489E-04   0.000000000000000E+00   7.375609379372489E-04   2.698563676008859E-02   7.815059658217376E+02   3.025292417360471E-02   0.000000000000000E+00   9.000343484916998E+01   6.970656000000000E+02
0.000000000000000E+00   7.397238732391176E-04   0.000000000000000E+00   7.397238732391176E-04   2.705436533557951E-02   7.821436866168750E+02   3.036904691082292E-02   0.000000000000000E+00   8.977479123510827E+01   6.970656000000000E+02
0.000000000000000E+00   7.418868085409863E-04   0.000000000000000E+00   7.418868085409863E-04   2.712323859767198E-02   7.827785026297387E+02   3.047836501951548E-02   0.000000000000000E+00   8.954682868175142E+01   6.970656000000000E+02
0.000000000000000E+00   7.440497438428550E-04   0.000000000000000E+00   7.440497438428550E-04   2.719240191667502E-02   7.834117584261560E+02   3.059336821247464E-02   0.000000000000000E+00   8.931906815155607E+01   6.970656000000000E+02
0.000000000000000E+00   7.462126791447239E-04   0.000000000000000E+00   7.462126791447239E-04   2.726169945343356E-02   7.840420327709804E+02   3.070150786318782E-02   0.000000000000000E+00   8.909202466077723E+01   6.970656000000000E+02
0.000000000000000E+00   7.483756144465926E-04   0.000000000000000E+00   7.483756144465926E-04   2.733129300544672E-02   7.846708024145449E+02   3.081517816320446E-02   0.000000000000000E+00   8.886517002748374E+01   6.970656000000000E+02
0.000000000000000E+00   7.505385497484614E-04   0.000000000000000E+00   7.505385497484614E-04   2.740101238948305E-02   7.852965356844527E+02   3.092215604939148E-02   0.000000000000000E+00   8.863906068420351E+01   6.970656000000000E+02
0.000000000000000E+00   7.527014850503301E-04   0.000000000000000E+00   7.527014850503301E-04   2.747102966224355E-02   7.859207826284496E+02   3.103455261354919E-02   0.000000000000000E+00   8.841314031043279E+01   6.970656000000000E+02
0.000000000000000E+00   7.548644203521990E-04   0.000000000000000E+00   7.548644203521990E-04   2.754117010021047E-02   7.865419915263589E+02   3.114021898074321E-02   0.000000000000000E+00   8.818797426407963E+01   6.970656000000000E+02
0.000000000000000E+00   7.570273556540677E-04   0.000000000000000E+00   7.570273556540677E-04   2.761160794250010E-02   7.871617117271840E+02   3.125139695498778E-02   0.000000000000000E+00   8.796300472822386E+01   6.970656000000000E+02
0.000000000000000E+00   7.591902909559365E-04   0.000000000000000E+00   7.591902909559365E-04   2.768216491130657E-02   7.877783812202604E+02   3.135559908233424E-02   0.000000000000000E+00   8.773880250268921E+01   6.970656000000000E+02
0.000000000000000E+00   7.613532262578051E-04   0.000000000000000E+00   7.613532262578051E-04   2.775301944970261E-02   7.883935661639437E+02   3.146559299481869E-02   0.000000000000000E+00   8.751480192639099E+01   6.970656000000000E+02
0.000000000000000E+00   7.635161615596740E-04   0.000000000000000E+00   7.635161615596740E-04   2.782398877929096E-02   7.890056865071202E+02   3.156819836913243E-02   0.000000000000000E+00   8.729158206848204E+01   6.970656000000000E+02
0.000000000000000E+00   7.656790968615428E-04   0.000000000000000E+00   7.656790968615428E-04   2.789525283878317E-02   7.896163014573622E+02   3.167677758196098E-02   0.000000000000000E+00   8.706857808520039E+01   6.970656000000000E+02
0.000000000000000E+00   7.678420321634115E-04   0.000000000000000E+00   7.678420321634115E-04   2.796663329143052E-02   7.902238899940195E+02   3.177791797430315E-02   0.000000000000000E+00   8.684634917225549E+01   6.970656000000000E+02
0.000000000000000E+00   7.700049674652803E-04   0.000000000000000E+00   7.700049674652803E-04   2.803830100667978E-02   7.908299142756977E+02   3.188502502726663E-02   0.000000000000000E+00   8.662436427304809E+01   6.970656000000000E+02
0.000000000000000E+00   7.721679027671490E-04   0.000000000000000E+00   7.721679027671490E-04   2.811008966624623E-02   7.914329752030858E+02   3.198479409670106E-02   0.000000000000000E+00   8.640313954303861E+01   6.970656000000000E+02
0.000000000000000E+00   7.743308380690179E-04   0.000000000000000E+00   7.743308380690179E-04   2.818215488943086E-02   7.920343882901141E+02   3.209023894767708E-02   0.000000000000000E+00   8.618219612833340E+01   6.970656000000000E+02
0.000000000000000E+00   7.764937733708866E-04   0.000000000000000E+00   7.764937733708866E-04   2.825434875451825E-02   7.926329266196394E+02   3.218897901805123E-02   0.000000000000000E+00   8.596198840405418E+01   6.970656000000000E+02
0.000000000000000E+00   7.786567086727553E-04   0.000000000000000E+00   7.786567086727553E-04   2.832680505180210E-02   7.932297081518198E+02   3.229232694783701E-02   0.000000000000000E+00   8.574210877500582E+01   6.970656000000000E+02
0.000000000000000E+00   7.808196439746240E-04   0.000000000000000E+00   7.808196439746240E-04   2.839940104086122E-02   7.938237297399691E+02   3.239011812860328E-02   0.000000000000000E+00   8.552293044861858E+01   6.970656000000000E+02
0.000000000000000E+00   7.829825792764929E-04   0.000000000000000E+00   7.829825792764929E-04   2.847224168899728E-02   7.944158595393457E+02   3.249119315705115E-02   0.000000000000000E+00   8.530413679856397E+01   6.970656000000000E+02
0.000000000000000E+00   7.851455145783616E-04   0.000000000000000E+00   7.851455145783616E-04   2.854523664586678E-02   7.950053711185203E+02   3.258811657865977E-02   0.000000000000000E+00   8.508599981607365E+01   6.970656000000000E+02
0.000000000000000E+00   7.873084498802304E-04   0.000000000000000E+00   7.873084498802304E-04   2.861845462903722E-02   7.955928292059771E+02   3.268674325654373E-02   0.000000000000000E+00   8.486831422181896E+01   6.970656000000000E+02
0.000000000000000E+00   7.894713851820991E-04   0.000000000000000E+00   7.894713851820991E-04   2.869184532896052E-02   7.961778384154795E+02   3.278288387002276E-02   0.000000000000000E+00   8.465123006739677E+01   6.970656000000000E+02
0.000000000000000E+00   7.916343204839680E-04   0.000000000000000E+00   7.916343204839680E-04   2.876543333565523E-02   7.967606050258861E+02   3.287888362379153E-02   0.000000000000000E+00   8.443467448096681E+01   6.970656000000000E+02
0.000000000000000E+00   7.937972557858367E-04   0.000000000000000E+00   7.937972557858367E-04   2.883921649174524E-02   7.973411204427025E+02   3.297433029094977E-02   0.000000000000000E+00   8.421865416126008E+01   6.970656000000000E+02
0.000000000000000E+00   7.959601910877055E-04   0.000000000000000E+00   7.959601910877055E-04   2.891316691195404E-02   7.979191760407685E+02   3.306752144839046E-02   0.000000000000000E+00   8.400325040131877E+01   6.970656000000000E+02
0.000000000000000E+00   7.981231263895742E-04   0.000000000000000E+00   7.981231263895742E-04   2.898733918216696E-02   7.984952072105037E+02   3.316236702932093E-02   0.000000000000000E+00   8.378830442961802E+01   6.970656000000000E+02
0.000000000000000E+00   8.002860616914430E-04   0.000000000000000E+00   8.002860616914430E-04   2.906164410470732E-02   7.990685325058074E+02   3.325255811330333E-02   0.000000000000000E+00   8.357407417313290E+01   6.970656000000000E+02
0.000000000000000E+00   8.024489969933118E-04   0.000000000000000E+00   8.024489969933118E-04   2.913620209932519E-02   7.996400899736457E+02   3.334672573956513E-02   0.000000000000000E+00   8.336021255344917E+01   6.970656000000000E+02
0.000000000000000E+00   8.046119322951805E-04   0.000000000000000E+00   8.046119322951805E-04   2.921085330937538E-02   8.002086659353256E+02   3.343384233886491E-02   0.000000000000000E+00   8.314717732742382E+01   6.970656000000000E+02
0.000000000000000E+00   8.067748675970493E-04   0.000000000000000E+00   8.067748675970493E-04   2.928577948803282E-02   8.007756548400105E+02   3.352601900552728E-02   0.000000000000000E+00   8.293444949937192E+01   6.970656000000000E+02
0.000000000000000E+00   8.089378028989181E-04   0.000000000000000E+00   8.089378028989181E-04   2.936078257593229E-02   8.013395691486612E+02   3.361141563395888E-02   0.000000000000000E+00   8.272259071156175E+01   6.970656000000000E+02
0.000000000000000E+00   8.111007382007869E-04   0.000000000000000E+00   8.111007382007869E-04   2.943604338525548E-02   8.019017807837474E+02   3.370150361073560E-02   0.000000000000000E+00   8.251108915054076E+01   6.970656000000000E+02
0.000000000000000E+00   8.132636735026556E-04   0.000000000000000E+00   8.132636735026556E-04   2.951141961537072E-02   8.024612363150393E+02   3.378656516543491E-02   0.000000000000000E+00   8.230034446512984E+01   6.970656000000000E+02
0.000000000000000E+00   8.154266088045243E-04   0.000000000000000E+00   8.154266088045243E-04   2.958700606300564E-02   8.030186523098473E+02   3.387306268179235E-02   0.000000000000000E+00   8.209009031964440E+01   6.970656000000000E+02
0.000000000000000E+00   8.175895441063930E-04   0.000000000000000E+00   8.175895441063930E-04   2.966275180711287E-02   8.035736629989711E+02   3.395789971291926E-02   0.000000000000000E+00   8.188046799547422E+01   6.970656000000000E+02
0.000000000000000E+00   8.197524794082619E-04   0.000000000000000E+00   8.197524794082619E-04   2.973865458919408E-02   8.041262652912174E+02   3.404060930202830E-02   0.000000000000000E+00   8.167148223586871E+01   6.970656000000000E+02
0.000000000000000E+00   8.219154147101306E-04   0.000000000000000E+00   8.219154147101306E-04   2.981476620722490E-02   8.046768462051934E+02   3.412533681942948E-02   0.000000000000000E+00   8.146298995332850E+01   6.970656000000000E+02
0.000000000000000E+00   8.240783500119994E-04   0.000000000000000E+00   8.240783500119994E-04   2.989097570697577E-02   8.052246170544465E+02   3.420389341621775E-02   0.000000000000000E+00   8.125529336378210E+01   6.970656000000000E+02
0.000000000000000E+00   8.262412853138681E-04   0.000000000000000E+00   8.262412853138681E-04   2.996744584341976E-02   8.057707579825568E+02   3.428650178356718E-02   0.000000000000000E+00   8.104794825326481E+01   6.970656000000000E+02
0.000000000000000E+00   8.284042206157370E-04   0.000000000000000E+00   8.284042206157370E-04   3.004395584410259E-02   8.063137064242691E+02   3.436294361789248E-02   0.000000000000000E+00   8.084155137901908E+01   6.970656000000000E+02
0.000000000000000E+00   8.305671559176058E-04   0.000000000000000E+00   8.305671559176058E-04   3.012071888271627E-02   8.068549897776554E+02   3.444338888492306E-02   0.000000000000000E+00   8.063552564788495E+01   6.970656000000000E+02
0.000000000000000E+00   8.327300912194745E-04   0.000000000000000E+00   8.327300912194745E-04   3.019758112327576E-02   8.073935337685077E+02   3.451954280700572E-02   0.000000000000000E+00   8.043028314370267E+01   6.970656000000000E+02
0.000000000000000E+00   8.348930265213432E-04   0.000000000000000E+00   8.348930265213432E-04   3.027462664634105E-02   8.079299426134855E+02   3.459595089804633E-02   0.000000000000000E+00   8.022559711049458E+01   6.970656000000000E+02
0.000000000000000E+00   8.370559618232120E-04   0.000000000000000E+00   8.370559618232120E-04   3.035183737331555E-02   8.084641010420037E+02   3.467233550050716E-02   0.000000000000000E+00   8.002151468218297E+01   6.970656000000000E+02
0.000000000000000E+00   8.392188971250808E-04   0.000000000000000E+00   8.392188971250808E-04   3.042915464629671E-02   8.089956188110706E+02   3.474385990830267E-02   0.000000000000000E+00   7.981818845222472E+01   6.970656000000000E+02
0.000000000000000E+00   8.413818324269495E-04   0.000000000000000E+00   8.413818324269495E-04   3.050671014143683E-02   8.095254118313899E+02   3.481823563893547E-02   0.000000000000000E+00   7.961527115639373E+01   6.970656000000000E+02
0.000000000000000E+00   8.435447677288183E-04   0.000000000000000E+00   8.435447677288183E-04   3.058428811286276E-02   8.100520223353935E+02   3.488719313933710E-02   0.000000000000000E+00   7.941332461416769E+01   6.970656000000000E+02
0.000000000000000E+00   8.457077030306871E-04   0.000000000000000E+00   8.457077030306871E-04   3.066210897325494E-02   8.105769621504883E+02   3.495930158310974E-02   0.000000000000000E+00   7.921177248826959E+01   6.970656000000000E+02
0.000000000000000E+00   8.478706383325559E-04   0.000000000000000E+00   8.478706383325559E-04   3.074001200816977E-02   8.110991588396154E+02   3.502774925667664E-02   0.000000000000000E+00   7.901102964288036E+01   6.970656000000000E+02
0.000000000000000E+00   8.500335736344246E-04   0.000000000000000E+00   8.500335736344246E-04   3.081807753057225E-02   8.116191674298013E+02   3.509562432290515E-02   0.000000000000000E+00   7.881088616220704E+01   6.970656000000000E+02
0.000000000000000E+00   8.521965089362933E-04   0.000000000000000E+00   8.521965089362933E-04   3.089631104080962E-02   8.121370357091815E+02   3.516361262745096E-02   0.000000000000000E+00   7.861132666588908E+01   6.970656000000000E+02
0.000000000000000E+00   8.543594442381621E-04   0.000000000000000E+00   8.543594442381621E-04   3.097460936309544E-02   8.126520978254537E+02   3.522695272748028E-02   0.000000000000000E+00   7.841261116576931E+01   6.970656000000000E+02
0.000000000000000E+00   8.565223795400309E-04   0.000000000000000E+00   8.565223795400309E-04   3.105313967171763E-02   8.131654665379900E+02   3.529254800234562E-02   0.000000000000000E+00   7.821431345353095E+01   6.970656000000000E+02
0.000000000000000E+00   8.586853148418997E-04   0.000000000000000E+00   8.586853148418997E-04   3.113168862560743E-02   8.136757629183345E+02   3.535353072044185E-02   0.000000000000000E+00   7.801696943615792E+01   6.970656000000000E+02
0.000000000000000E+00   8.608482501437684E-04   0.000000000000000E+00   8.608482501437684E-04   3.121043444100895E-02   8.141841625080723E+02   3.541664898174941E-02   0.000000000000000E+00   7.782012789955522E+01   6.970656000000000E+02
0.000000000000000E+00   8.630111854456373E-04   0.000000000000000E+00   8.630111854456373E-04   3.128929925338637E-02   8.146901741218057E+02   3.547789986180198E-02   0.000000000000000E+00   7.762398193488262E+01   6.970656000000000E+02
0.000000000000000E+00   8.651741207475060E-04   0.000000000000000E+00   8.651741207475060E-04   3.136824790271985E-02   8.151935903473398E+02   3.553539379125332E-02   0.000000000000000E+00   7.742861531610779E+01   6.970656000000000E+02
0.000000000000000E+00   8.673370560493748E-04   0.000000000000000E+00   8.673370560493748E-04   3.144741651621671E-02   8.156952912522142E+02   3.559418049751051E-02   0.000000000000000E+00   7.723368941125969E+01   6.970656000000000E+02
0.000000000000000E+00   8.694999913512435E-04   0.000000000000000E+00   8.694999913512435E-04   3.152656347780066E-02   8.161937637912645E+02   3.564909839985211E-02   0.000000000000000E+00   7.703979540016255E+01   6.970656000000000E+02
0.000000000000000E+00   8.716629266531123E-04   0.000000000000000E+00   8.716629266531123E-04   3.160591637122566E-02   8.166904600891150E+02   3.570539676835648E-02   0.000000000000000E+00   7.684637178282240E+01   6.970656000000000E+02
0.000000000000000E+00   8.738258619549810E-04   0.000000000000000E+00   8.738258619549810E-04   3.168536440798675E-02   8.171846985071465E+02   3.575961637287201E-02   0.000000000000000E+00   7.665368681661070E+01   6.970656000000000E+02
0.000000000000000E+00   8.759887972568498E-04   0.000000000000000E+00   8.759887972568498E-04   3.176488810318303E-02   8.176763770287030E+02   3.581100734561483E-02   0.000000000000000E+00   7.646178359295463E+01   6.970656000000000E+02
0.000000000000000E+00   8.781517325587185E-04   0.000000000000000E+00   8.781517325587185E-04   3.184461860295404E-02   8.181663191799964E+02   3.586275466723125E-02   0.000000000000000E+00   7.627034351652416E+01   6.970656000000000E+02
0.000000000000000E+00   8.803146678605874E-04   0.000000000000000E+00   8.803146678605874E-04   3.192431448782232E-02   8.186530601855454E+02   3.591139039553063E-02   0.000000000000000E+00   7.607994216842079E+01   6.970656000000000E+02
0.000000000000000E+00   8.824776031624561E-04   0.000000000000000E+00   8.824776031624561E-04   3.200419597823502E-02   8.191379648136948E+02   3.596039373564461E-02   0.000000000000000E+00   7.589004896894599E+01   6.970656000000000E+02
0.000000000000000E+00   8.846405384643249E-04   0.000000000000000E+00   8.846405384643249E-04   3.208417816873706E-02   8.196205297057280E+02   3.600735394567167E-02   0.000000000000000E+00   7.570086374743524E+01   6.970656000000000E+02
0.000000000000000E+00   8.868034737661936E-04   0.000000000000000E+00   8.868034737661936E-04   3.216419637744329E-02   8.201003847739860E+02   3.605235295053710E-02   0.000000000000000E+00   7.551253485391958E+01   6.970656000000000E+02
0.000000000000000E+00   8.889664090680622E-04   0.000000000000000E+00   8.889664090680622E-04   3.224440708190769E-02   8.205784833550094E+02   3.609690471697938E-02   0.000000000000000E+00   7.532469100239085E+01   6.970656000000000E+02
0.000000000000000E+00   8.911293443699311E-04   0.000000000000000E+00   8.911293443699311E-04   3.232460203585021E-02   8.210536017779922E+02   3.613891548020740E-02   0.000000000000000E+00   7.513781599867166E+01   6.970656000000000E+02
0.000000000000000E+00   8.932922796717998E-04   0.000000000000000E+00   8.932922796717998E-04   3.240492840279703E-02   8.215266326330371E+02   3.618024214269666E-02   0.000000000000000E+00   7.495156199111855E+01   6.970656000000000E+02
0.000000000000000E+00   8.954552149736686E-04   0.000000000000000E+00   8.954552149736686E-04   3.248539511070438E-02   8.219976406739842E+02   3.621979087246510E-02   0.000000000000000E+00   7.476590608558359E+01   6.970656000000000E+02
0.000000000000000E+00   8.976181502755373E-04   0.000000000000000E+00   8.976181502755373E-04   3.256582209104013E-02   8.224655929565112E+02   3.625807198465161E-02   0.000000000000000E+00   7.458125863397868E+01   6.970656000000000E+02
0.000000000000000E+00   8.997810855774062E-04   0.000000000000000E+00   8.997810855774062E-04   3.264642610398567E-02   8.229317696287810E+02   3.629472391024561E-02   0.000000000000000E+00   7.439711753635041E+01   6.970656000000000E+02
0.000000000000000E+00   9.019440208792749E-04   0.000000000000000E+00   9.019440208792749E-04   3.272706996315539E-02   8.233953918678291E+02   3.632919213055158E-02   0.000000000000000E+00   7.421379313010235E+01   6.970656000000000E+02
0.000000000000000E+00   9.041069561811437E-04   0.000000000000000E+00   9.041069561811437E-04   3.280775231078339E-02   8.238564734622690E+02   3.636363406714082E-02   0.000000000000000E+00   7.403128312455870E+01   6.970656000000000E+02
0.000000000000000E+00   9.062698914830124E-04   0.000000000000000E+00   9.062698914830124E-04   3.288860229040030E-02   8.243157672863140E+02   3.639547365761649E-02   0.000000000000000E+00   7.384929218195846E+01   6.970656000000000E+02
0.000000000000000E+00   9.084328267848812E-04   0.000000000000000E+00   9.084328267848812E-04   3.296939869968390E-02   8.247720360553827E+02   3.642552364550389E-02   0.000000000000000E+00   7.366831352078273E+01   6.970656000000000E+02
0.000000000000000E+00   9.105957620867499E-04   0.000000000000000E+00   9.105957620867499E-04   3.305030399747965E-02   8.252262192877579E+02   3.645528446003406E-02   0.000000000000000E+00   7.348797760484186E+01   6.970656000000000E+02
0.000000000000000E+00   9.127586973886187E-04   0.000000000000000E+00   9.127586973886187E-04   3.313134680799820E-02   8.256784899990554E+02   3.648217847816394E-02   0.000000000000000E+00   7.330821816798786E+01   6.970656000000000E+02
0.000000000000000E+00   9.149216326904874E-04   0.000000000000000E+00   9.149216326904874E-04   3.321229116867350E-02   8.261275537819284E+02   3.650936552075397E-02   0.000000000000000E+00   7.312955278107681E+01   6.970656000000000E+02
0.000000000000000E+00   9.170845679923562E-04   0.000000000000000E+00   9.170845679923562E-04   3.329338585187517E-02   8.265748123452918E+02   3.653271816875760E-02   0.000000000000000E+00   7.295142677305090E+01   6.970656000000000E+02
0.000000000000000E+00   9.192475032942251E-04   0.000000000000000E+00   9.192475032942251E-04   3.337454512580029E-02   8.270198062438944E+02   3.655433859306145E-02   0.000000000000000E+00   7.277402555885052E+01   6.970656000000000E+02
0.000000000000000E+00   9.214104385960938E-04   0.000000000000000E+00   9.214104385960938E-04   3.345565468587390E-02   8.274619316222717E+02   3.657745008684971E-02   0.000000000000000E+00   7.259759292725845E+01   6.970656000000000E+02
0.000000000000000E+00   9.235733738979626E-04   0.000000000000000E+00   9.235733738979626E-04   3.353690405605775E-02   8.279022406119788E+02   3.659564240988058E-02   0.000000000000000E+00   7.242171179367666E+01   6.970656000000000E+02
0.000000000000000E+00   9.257363091998313E-04   0.000000000000000E+00   9.257363091998313E-04   3.361815476521482E-02   8.283399991969910E+02   3.661191109277799E-02   0.000000000000000E+00   7.224667793227943E+01   6.970656000000000E+02
0.000000000000000E+00   9.278992445017002E-04   0.000000000000000E+00   9.278992445017002E-04   3.369939412481389E-02   8.287751623233856E+02   3.663087275281874E-02   0.000000000000000E+00   7.207251237231000E+01   6.970656000000000E+02
0.000000000000000E+00   9.300621798035689E-04   0.000000000000000E+00   9.300621798035689E-04   3.378076236721794E-02   8.292084982709157E+02   3.664377765811264E-02   0.000000000000000E+00   7.189891020212720E+01   6.970656000000000E+02
0.000000000000000E+00   9.322251151054377E-04   0.000000000000000E+00   9.322251151054377E-04   3.386207935834620E-02   8.296390664584902E+02   3.665499876772090E-02   0.000000000000000E+00   7.172625089845106E+01   6.970656000000000E+02
0.000000000000000E+00   9.343880504073064E-04   0.000000000000000E+00   9.343880504073064E-04   3.394341201830865E-02   8.300672449443150E+02   3.666936509820651E-02   0.000000000000000E+00   7.155438583162871E+01   6.970656000000000E+02
0.000000000000000E+00   9.365509857091753E-04   0.000000000000000E+00   9.365509857091753E-04   3.402486222264045E-02   8.304935858498202E+02   3.667685870601949E-02   0.000000000000000E+00   7.138309581115232E+01   6.970656000000000E+02
0.000000000000000E+00   9.387139210110440E-04   0.000000000000000E+00   9.387139210110440E-04   3.410622028611469E-02   8.309170120456754E+02   3.668383040439371E-02   0.000000000000000E+00   7.121281630227469E+01   6.970656000000000E+02
0.000000000000000E+00   9.408768563129128E-04   0.000000000000000E+00   9.408768563129128E-04   3.418760867118341E-02   8.313381849927920E+02   3.669267376235807E-02   0.000000000000000E+00   7.104328423085131E+01   6.970656000000000E+02
0.000000000000000E+00   9.430397916147815E-04   0.000000000000000E+00   9.430397916147815E-04   3.426910285598561E-02   8.317575103562776E+02   3.669463573703090E-02   0.000000000000000E+00   7.087433861945334E+01   6.970656000000000E+02
0.000000000000000E+00   9.452027269166502E-04   0.000000000000000E+00   9.452027269166502E-04   3.435047679890901E-02   8.321738465283678E+02   3.669696089676584E-02   0.000000000000000E+00   7.070644213232987E+01   6.970656000000000E+02
0.000000000000000E+00   9.473656622185190E-04   0.000000000000000E+00   9.473656622185190E-04   3.443188228457492E-02   8.325879945595173E+02   3.670056151777933E-02   0.000000000000000E+00   7.053927461549421E+01   6.970656000000000E+02
0.000000000000000E+00   9.495285975203877E-04   0.000000000000000E+00   9.495285975203877E-04   3.451338142527773E-02   8.330002854108991E+02   3.669687539718116E-02   0.000000000000000E+00   7.037270472203392E+01   6.970656000000000E+02
0.000000000000000E+00   9.516915328222565E-04   0.000000000000000E+00   9.516915328222565E-04   3.459474614871131E-02   8.334095871610797E+02   3.669415662954926E-02   0.000000000000000E+00   7.020719243203567E+01   6.970656000000000E+02
0.000000000000000E+00   9.538544681241253E-04   0.000000000000000E+00   9.538544681241253E-04   3.467612909172572E-02   8.338166924489238E+02   3.669280834793169E-02   0.000000000000000E+00   7.004242006295767E+01   6.970656000000000E+02
0.000000000000000E+00   9.560174034259941E-04   0.000000000000000E+00   9.560174034259941E-04   3.475759315239237E-02   8.342219313766483E+02   3.668336188030840E-02   0.000000000000000E+00   6.987825622306721E+01   6.970656000000000E+02
0.000000000000000E+00   9.581803387278628E-04   0.000000000000000E+00   9.581803387278628E-04   3.483892373301340E-02   8.346242580130158E+02   3.667512429856316E-02   0.000000000000000E+00   6.971512721268329E+01   6.970656000000000E+02
0.000000000000000E+00   9.603432740297316E-04   0.000000000000000E+00   9.603432740297316E-04   3.492024350565179E-02   8.350243043079199E+02   3.666896699028038E-02   0.000000000000000E+00   6.955277959636513E+01   6.970656000000000E+02
0.000000000000000E+00   9.625062093316004E-04   0.000000000000000E+00   9.625062093316004E-04   3.500163147452270E-02   8.354224754864181E+02   3.665389800632105E-02   0.000000000000000E+00   6.939105115051271E+01   6.970656000000000E+02
0.000000000000000E+00   9.646691446334692E-04   0.000000000000000E+00   9.646691446334692E-04   3.508290325045013E-02   8.358178900952080E+02   3.663925964324451E-02   0.000000000000000E+00   6.923030236868544E+01   6.970656000000000E+02
0.000000000000000E+00   9.668320799353379E-04   0.000000000000000E+00   9.668320799353379E-04   3.516411827865468E-02   8.362108627521837E+02   3.662765978301720E-02   0.000000000000000E+00   6.907040810047354E+01   6.970656000000000E+02
0.000000000000000E+00   9.689950152372067E-04   0.000000000000000E+00   9.689950152372067E-04   3.524538820753695E-02   8.366019519681898E+02   3.660830629804451E-02   0.000000000000000E+00   6.891114337281212E+01   6.970656000000000E+02
0.000000000000000E+00   9.711579505390755E-04   0.000000000000000E+00   9.711579505390755E-04   3.532657686839570E-02   8.369905214859534E+02   3.658667123125492E-02   0.000000000000000E+00   6.875276959463579E+01   6.970656000000000E+02
0.000000000000000E+00   9.733208858409443E-04   0.000000000000000E+00   9.733208858409443E-04   3.540764467360311E-02   8.373764074896728E+02   3.656972995792830E-02   0.000000000000000E+00   6.859535623985472E+01   6.970656000000000E+02
0.000000000000000E+00   9.754838211428130E-04   0.000000000000000E+00   9.754838211428130E-04   3.548875372108975E-02   8.377604021672365E+02   3.654643005009206E-02   0.000000000000000E+00   6.843858251794983E+01   6.970656000000000E+02
0.000000000000000E+00   9.776467564446818E-04   0.000000000000000E+00   9.776467564446818E-04   3.556983540217034E-02   8.381421974530180E+02   3.651720414848344E-02   0.000000000000000E+00   6.828257630485980E+01   6.970656000000000E+02
0.000000000000000E+00   9.798096917465503E-04   0.000000000000000E+00   9.798096917465503E-04   3.565071264712668E-02   8.385209854423484E+02   3.649502949023187E-02   0.000000000000000E+00   6.812767037900301E+01   6.970656000000000E+02
0.000000000000000E+00   9.819726270484193E-04   0.000000000000000E+00   9.819726270484193E-04   3.573161712567342E-02   8.388978746666567E+02   3.646813438608074E-02   0.000000000000000E+00   6.797341389441034E+01   6.970656000000000E+02
0.000000000000000E+00   9.841355623502880E-04   0.000000000000000E+00   9.841355623502880E-04   3.581254465997927E-02   8.392728603757239E+02   3.643264344786112E-02   0.000000000000000E+00   6.781981071326101E+01   6.970656000000000E+02
0.000000000000000E+00   9.862984976521567E-04   0.000000000000000E+00   9.862984976521567E-04   3.589321104447803E-02   8.396446508654813E+02   3.640236714739097E-02   0.000000000000000E+00   6.766739250467971E+01   6.970656000000000E+02
0.000000000000000E+00   9.884614329540254E-04   0.000000000000000E+00   9.884614329540254E-04   3.597386647140296E-02   8.400144254058689E+02   3.637053339601079E-02   0.000000000000000E+00   6.751567841423854E+01   6.970656000000000E+02
0.000000000000000E+00   9.906243682558944E-04   0.000000000000000E+00   9.906243682558944E-04   3.605453047936918E-02   8.403822895647855E+02   3.633153308425981E-02   0.000000000000000E+00   6.736462707203432E+01   6.970656000000000E+02
0.000000000000000E+00   9.927873035577631E-04   0.000000000000000E+00   9.927873035577631E-04   3.613502780611752E-02   8.407474654656172E+02   3.629230257190958E-02   0.000000000000000E+00   6.721456015010493E+01   6.970656000000000E+02
0.000000000000000E+00   9.949502388596318E-04   0.000000000000000E+00   9.949502388596318E-04   3.621538895827793E-02   8.411101177967842E+02   3.625552630710028E-02   0.000000000000000E+00   6.706541251836637E+01   6.970656000000000E+02
0.000000000000000E+00   9.971131741615005E-04   0.000000000000000E+00   9.971131741615005E-04   3.629574389979841E-02   8.414708533418243E+02   3.621372497771715E-02   0.000000000000000E+00   6.691693678204209E+01   6.970656000000000E+02
0.000000000000000E+00   9.992761094633695E-04   0.000000000000000E+00   9.992761094633695E-04   3.637605018548867E-02   8.418294985158317E+02   3.616485192040794E-02   0.000000000000000E+00   6.676920632160635E+01   6.970656000000000E+02
0.000000000000000E+00   1.001439044765238E-03   0.000000000000000E+00   1.001439044765238E-03   3.645607115785769E-02   8.421850228385676E+02   3.612179328432617E-02   0.000000000000000E+00   6.662264810388103E+01   6.970656000000000E+02
0.000000000000000E+00   1.003601980067107E-03   0.000000000000000E+00   1.003601980067107E-03   3.653607082799012E-02   8.425386244378601E+02   3.607543151336640E-02   0.000000000000000E+00   6.647677062579230E+01   6.970656000000000E+02
0.000000000000000E+00   1.005764915368976E-03   0.000000000000000E+00   1.005764915368976E-03   3.661604459597348E-02   8.428902989639032E+02   3.602249922176132E-02   0.000000000000000E+00   6.633157750378875E+01   6.970656000000000E+02
0.000000000000000E+00   1.007927850670844E-03   0.000000000000000E+00   1.007927850670844E-03   3.669579924591256E-02   8.432392192304479E+02   3.597036488960254E-02   0.000000000000000E+00   6.618741245349867E+01   6.970656000000000E+02
0.000000000000000E+00   1.010090785972713E-03   0.000000000000000E+00   1.010090785972713E-03   3.677539683848335E-02   8.435856833032533E+02   3.591867678425940E-02   0.000000000000000E+00   6.604415475561639E+01   6.970656000000000E+02
0.000000000000000E+00   1.012253721274582E-03   0.000000000000000E+00   1.012253721274582E-03   3.685495304112561E-02   8.439302149644175E+02   3.586278500794685E-02   0.000000000000000E+00   6.590158987015279E+01   6.970656000000000E+02
0.000000000000000E+00   1.014416656576451E-03   0.000000000000000E+00   1.014416656576451E-03   3.693445924588814E-02   8.442727934835636E+02   3.580135054430354E-02   0.000000000000000E+00   6.575972816687155E+01   6.970656000000000E+02
0.000000000000000E+00   1.016579591878319E-03   0.000000000000000E+00   1.016579591878319E-03   3.701360742053780E-02   8.446121182178757E+02   3.574305342113270E-02   0.000000000000000E+00   6.561911062611877E+01   6.970656000000000E+02
0.000000000000000E+00   1.018742527180188E-03   0.000000000000000E+00   1.018742527180188E-03   3.709269846138144E-02   8.449495056820506E+02   3.568259435070598E-02   0.000000000000000E+00   6.547919403946068E+01   6.970656000000000E+02
0.000000000000000E+00   1.020905462482057E-03   0.000000000000000E+00   1.020905462482057E-03   3.717172750202914E-02   8.452849518173093E+02   3.561729470721700E-02   0.000000000000000E+00   6.533998184150619E+01   6.970656000000000E+02
0.000000000000000E+00   1.023068397783926E-03   0.000000000000000E+00   1.023068397783926E-03   3.725058823525964E-02   8.456180254002788E+02   3.554976760830323E-02   0.000000000000000E+00   6.520165492852576E+01   6.970656000000000E+02
0.000000000000000E+00   1.025231333085795E-03   0.000000000000000E+00   1.025231333085795E-03   3.732916607572795E-02   8.459482691258277E+02   3.548261467401600E-02   0.000000000000000E+00   6.506440553943280E+01   6.970656000000000E+02
0.000000000000000E+00   1.027394268387663E-03   0.000000000000000E+00   1.027394268387663E-03   3.740766583622322E-02   8.462765672784318E+02   3.541325899245553E-02   0.000000000000000E+00   6.492786827795342E+01   6.970656000000000E+02
0.000000000000000E+00   1.029557203689532E-03   0.000000000000000E+00   1.029557203689532E-03   3.748608250844137E-02   8.466029159675317E+02   3.533874447338300E-02   0.000000000000000E+00   6.479204647359633E+01   6.970656000000000E+02
0.000000000000000E+00   1.031720138991401E-03   0.000000000000000E+00   1.031720138991401E-03   3.756424161687059E-02   8.469266113668749E+02   3.526494172580905E-02   0.000000000000000E+00   6.465723505806636E+01   6.970656000000000E+02
0.000000000000000E+00   1.033883074293270E-03   0.000000000000000E+00   1.033883074293270E-03   3.764216348647045E-02   8.472477642917592E+02   3.518882035884573E-02   0.000000000000000E+00   6.452339013067017E+01   6.970656000000000E+02
0.000000000000000E+00   1.036046009595138E-03   0.000000000000000E+00   1.036046009595138E-03   3.771998589013686E-02   8.475669641313888E+02   3.511045925727097E-02   0.000000000000000E+00   6.439026798880883E+01   6.970656000000000E+02
0.000000000000000E+00   1.038208944897007E-03   0.000000000000000E+00   1.038208944897007E-03   3.779770368862892E-02   8.478842071663719E+02   3.502918816951366E-02   0.000000000000000E+00   6.425787185401640E+01   6.970656000000000E+02
0.000000000000000E+00   1.040371880198876E-03   0.000000000000000E+00   1.040371880198876E-03   3.787510671360560E-02   8.481986589205814E+02   3.494670527914490E-02   0.000000000000000E+00   6.412655199536428E+01   6.970656000000000E+02
0.000000000000000E+00   1.042534815500745E-03   0.000000000000000E+00   1.042534815500745E-03   3.795228580003292E-02   8.485107149859322E+02   3.486152038920384E-02   0.000000000000000E+00   6.399614539153511E+01   6.970656000000000E+02
0.000000000000000E+00   1.044697750802613E-03   0.000000000000000E+00   1.044697750802613E-03   3.802934364685235E-02   8.488208112543855E+02   3.477406284124537E-02   0.000000000000000E+00   6.386647170548864E+01   6.970656000000000E+02
0.000000000000000E+00   1.046860686104482E-03   0.000000000000000E+00   1.046860686104482E-03   3.810627499591977E-02   8.491289441803093E+02   3.468551102835483E-02   0.000000000000000E+00   6.373753404813417E+01   6.970656000000000E+02
0.000000000000000E+00   1.049023621406351E-03   0.000000000000000E+00   1.049023621406351E-03   3.818286950456860E-02   8.494342947213942E+02   3.459497137633465E-02   0.000000000000000E+00   6.360967710164877E+01   6.970656000000000E+02
0.000000000000000E+00   1.051186556708220E-03   0.000000000000000E+00   1.051186556708220E-03   3.825921805502945E-02   8.497372516401897E+02   3.450064630825755E-02   0.000000000000000E+00   6.348274019888697E+01   6.970656000000000E+02
0.000000000000000E+00   1.053349492010088E-03   0.000000000000000E+00   1.053349492010088E-03   3.833542326054078E-02   8.500382428601544E+02   3.440401996606908E-02   0.000000000000000E+00   6.335654581124712E+01   6.970656000000000E+02
0.000000000000000E+00   1.055512427311957E-03   0.000000000000000E+00   1.055512427311957E-03   3.841147975716255E-02   8.503372650118441E+02   3.430767982765977E-02   0.000000000000000E+00   6.323109693651166E+01   6.970656000000000E+02
0.000000000000000E+00   1.057675362613826E-03   0.000000000000000E+00   1.057675362613826E-03   3.848721568157326E-02   8.506336647711507E+02   3.420973707483396E-02   0.000000000000000E+00   6.310666950020107E+01   6.970656000000000E+02
0.000000000000000E+00   1.059838297915695E-03   0.000000000000000E+00   1.059838297915695E-03   3.856264525192427E-02   8.509275240629398E+02   3.410621445760322E-02   0.000000000000000E+00   6.298323115888435E+01   6.970656000000000E+02
0.000000000000000E+00   1.062001233217563E-03   0.000000000000000E+00   1.062001233217563E-03   3.863790910021109E-02   8.512194125718769E+02   3.400036648693499E-02   0.000000000000000E+00   6.286054438661979E+01   6.970656000000000E+02
0.000000000000000E+00   1.064164168519432E-03   0.000000000000000E+00   1.064164168519432E-03   3.871300177083097E-02   8.515093271069346E+02   3.389545827242594E-02   0.000000000000000E+00   6.273861206572786E+01   6.970656000000000E+02
0.000000000000000E+00   1.066327103821301E-03   0.000000000000000E+00   1.066327103821301E-03   3.878783175320737E-02   8.517969346182839E+02   3.379059285360273E-02   0.000000000000000E+00   6.261757593086296E+01   6.970656000000000E+02
0.000000000000000E+00   1.068490039123170E-03   0.000000000000000E+00   1.068490039123170E-03   3.886225347009941E-02   8.520817016400225E+02   3.367832885078838E-02   0.000000000000000E+00   6.249766246490871E+01   6.970656000000000E+02
0.000000000000000E+00   1.070652974425039E-03   0.000000000000000E+00   1.070652974425039E-03   3.893648687950806E-02   8.523644936200100E+02   3.356322670057511E-02   0.000000000000000E+00   6.237850907083907E+01   6.970656000000000E+02
0.000000000000000E+00   1.072815909726907E-03   0.000000000000000E+00   1.072815909726907E-03   3.901052644931010E-02   8.526453075477920E+02   3.344737327190300E-02   0.000000000000000E+00   6.226011851329305E+01   6.970656000000000E+02
0.000000000000000E+00   1.074978845028776E-03   0.000000000000000E+00   1.074978845028776E-03   3.908436662202861E-02   8.529241404550123E+02   3.333526656037771E-02   0.000000000000000E+00   6.214249353169989E+01   6.970656000000000E+02
0.000000000000000E+00   1.077141780330645E-03   0.000000000000000E+00   1.077141780330645E-03   3.915773102629477E-02   8.531999735225654E+02   3.321718372830811E-02   0.000000000000000E+00   6.202606576895477E+01   6.970656000000000E+02
0.000000000000000E+00   1.079304715632514E-03   0.000000000000000E+00   1.079304715632514E-03   3.923084482677674E-02   8.534736790267578E+02   3.309281582166414E-02   0.000000000000000E+00   6.191046893647928E+01   6.970656000000000E+02
0.000000000000000E+00   1.081467650934382E-03   0.000000000000000E+00   1.081467650934382E-03   3.930374200023608E-02   8.537454032337458E+02   3.296608266677289E-02   0.000000000000000E+00   6.179564276565349E+01   6.970656000000000E+02
0.000000000000000E+00   1.083630586236251E-03   0.000000000000000E+00   1.083630586236251E-03   3.937641693243977E-02   8.540151433580836E+02   3.284421718346665E-02   0.000000000000000E+00   6.168158987566651E+01   6.970656000000000E+02
0.000000000000000E+00   1.085793521538120E-03   0.000000000000000E+00   1.085793521538120E-03   3.944876966848825E-02   8.542825488024899E+02   3.271994738713307E-02   0.000000000000000E+00   6.156846006632573E+01   6.970656000000000E+02
0.000000000000000E+00   1.087956456839989E-03   0.000000000000000E+00   1.087956456839989E-03   3.952067488886167E-02   8.545471817772103E+02   3.258944209502004E-02   0.000000000000000E+00   6.145644037785706E+01   6.970656000000000E+02
0.000000000000000E+00   1.090119392141857E-03   0.000000000000000E+00   1.090119392141857E-03   3.959234064002732E-02   8.548098310485733E+02   3.245344516994864E-02   0.000000000000000E+00   6.134519861006945E+01   6.970656000000000E+02
0.000000000000000E+00   1.092282327443726E-03   0.000000000000000E+00   1.092282327443726E-03   3.966376126805261E-02   8.550704940154989E+02   3.231823660236491E-02   0.000000000000000E+00   6.123473726018742E+01   6.970656000000000E+02
0.000000000000000E+00   1.094445262745595E-03   0.000000000000000E+00   1.094445262745595E-03   3.973493110243737E-02   8.553291681206981E+02   3.218578589644113E-02   0.000000000000000E+00   6.112505879873076E+01   6.970656000000000E+02
0.000000000000000E+00   1.096608198047464E-03   0.000000000000000E+00   1.096608198047464E-03   3.980567396204607E-02   8.555852349782999E+02   3.205009604148836E-02   0.000000000000000E+00   6.101642701278751E+01   6.970656000000000E+02
0.000000000000000E+00   1.098771133349333E-03   0.000000000000000E+00   1.098771133349333E-03   3.987601983293920E-02   8.558388280157886E+02   3.190828527365398E-02   0.000000000000000E+00   6.090878703981669E+01   6.970656000000000E+02
0.000000000000000E+00   1.100934068651201E-03   0.000000000000000E+00   1.100934068651201E-03   3.994609773511380E-02   8.560904333718705E+02   3.176068266915219E-02   0.000000000000000E+00   6.080193404886738E+01   6.970656000000000E+02
0.000000000000000E+00   1.103097003953070E-03   0.000000000000000E+00   1.103097003953070E-03   4.001590198044959E-02   8.563400486754623E+02   3.161672893961782E-02   0.000000000000000E+00   6.069587038639363E+01   6.970656000000000E+02
0.000000000000000E+00   1.105259939254939E-03   0.000000000000000E+00   1.105259939254939E-03   4.008542686946443E-02   8.565876715997277E+02   3.147252662269072E-02   0.000000000000000E+00   6.059059837155354E+01   6.970656000000000E+02
0.000000000000000E+00   1.107422874556808E-03   0.000000000000000E+00   1.107422874556808E-03   4.015448354821717E-02   8.568326514424829E+02   3.132605653743582E-02   0.000000000000000E+00   6.048639617251003E+01   6.970656000000000E+02
0.000000000000000E+00   1.109585809858676E-03   0.000000000000000E+00   1.109585809858676E-03   4.022313125155721E-02   8.570752226685370E+02   3.117404648461430E-02   0.000000000000000E+00   6.038316571651717E+01   6.970656000000000E+02
0.000000000000000E+00   1.111748745160545E-03   0.000000000000000E+00   1.111748745160545E-03   4.029148256580928E-02   8.573158035006985E+02   3.101521823636854E-02   0.000000000000000E+00   6.028073045048587E+01   6.970656000000000E+02
0.000000000000000E+00   1.113911680462414E-03   0.000000000000000E+00   1.113911680462414E-03   4.035953179703911E-02   8.575543917999972E+02   3.086099920780380E-02   0.000000000000000E+00   6.017909256762447E+01   6.970656000000000E+02
0.000000000000000E+00   1.116074615764283E-03   0.000000000000000E+00   1.116074615764283E-03   4.042727324556483E-02   8.577909854724880E+02   3.070511212257990E-02   0.000000000000000E+00   6.007825423314834E+01   6.970656000000000E+02
0.000000000000000E+00   1.118237551066151E-03   0.000000000000000E+00   1.118237551066151E-03   4.049457481799925E-02   8.580251435719589E+02   3.054691372734121E-02   0.000000000000000E+00   5.997840478424862E+01   6.970656000000000E+02
0.000000000000000E+00   1.120400486368020E-03   0.000000000000000E+00   1.120400486368020E-03   4.056138719670129E-02   8.582567182096378E+02   3.038548194600653E-02   0.000000000000000E+00   5.987960885611737E+01   6.970656000000000E+02
0.000000000000000E+00   1.122563421669889E-03   0.000000000000000E+00   1.122563421669889E-03   4.062787499407940E-02   8.584863010137461E+02   3.021796996045252E-02   0.000000000000000E+00   5.978161546361810E+01   6.970656000000000E+02
0.000000000000000E+00   1.124726356971758E-03   0.000000000000000E+00   1.124726356971758E-03   4.069403254000249E-02   8.587138900794921E+02   3.005190485693950E-02   0.000000000000000E+00   5.968442664443429E+01   6.970656000000000E+02
0.000000000000000E+00   1.126889292273626E-03   0.000000000000000E+00   1.126889292273626E-03   4.075985416435545E-02   8.589394835474558E+02   2.988444449078351E-02   0.000000000000000E+00   5.958804440777389E+01   6.970656000000000E+02
0.000000000000000E+00   1.129052227575495E-03   0.000000000000000E+00   1.129052227575495E-03   4.082533419817354E-02   8.591630796037298E+02   2.971459029003996E-02   0.000000000000000E+00   5.949247073423004E+01   6.970656000000000E+02
0.000000000000000E+00   1.131215162877364E-03   0.000000000000000E+00   1.131215162877364E-03   4.089018219630799E-02   8.593837093565018E+02   2.954254860856263E-02   0.000000000000000E+00   5.939812124924448E+01   6.970656000000000E+02
0.000000000000000E+00   1.133378098179233E-03   0.000000000000000E+00   1.133378098179233E-03   4.095467212176806E-02   8.596023277539608E+02   2.936720362727504E-02   0.000000000000000E+00   5.930458905344415E+01   6.970656000000000E+02
0.000000000000000E+00   1.135541033481102E-03   0.000000000000000E+00   1.135541033481102E-03   4.101880403875385E-02   8.598189524872708E+02   2.919053413527255E-02   0.000000000000000E+00   5.921186774985716E+01   6.970656000000000E+02
0.000000000000000E+00   1.137703968782970E-03   0.000000000000000E+00   1.137703968782970E-03   4.108257233745225E-02   8.600335819332919E+02   2.901165725670346E-02   0.000000000000000E+00   5.911995918974685E+01   6.970656000000000E+02
0.000000000000000E+00   1.139866904084839E-03   0.000000000000000E+00   1.139866904084839E-03   4.114597141521845E-02   8.602462145147043E+02   2.883040834572693E-02   0.000000000000000E+00   5.902886519533409E+01   6.970656000000000E+02
0.000000000000000E+00   1.142029839386708E-03   0.000000000000000E+00   1.142029839386708E-03   4.120893109081435E-02   8.604566332202617E+02   2.864683468805110E-02   0.000000000000000E+00   5.893867993439388E+01   6.970656000000000E+02
0.000000000000000E+00   1.144192774688577E-03   0.000000000000000E+00   1.144192774688577E-03   4.127129213396806E-02   8.606643279691226E+02   2.846104390092087E-02   0.000000000000000E+00   5.884962341658774E+01   6.970656000000000E+02
0.000000000000000E+00   1.146355709990446E-03   0.000000000000000E+00   1.146355709990446E-03   4.133326797889894E-02   8.608700304113206E+02   2.827337308588813E-02   0.000000000000000E+00   5.876138323347497E+01   6.970656000000000E+02
0.000000000000000E+00   1.148518645292314E-03   0.000000000000000E+00   1.148518645292314E-03   4.139485310724279E-02   8.610737391609922E+02   2.808749458163723E-02   0.000000000000000E+00   5.867396107693971E+01   6.970656000000000E+02
0.000000000000000E+00   1.150681580594183E-03   0.000000000000000E+00   1.150681580594183E-03   4.145604201404388E-02   8.612754528786498E+02   2.789568352068276E-02   0.000000000000000E+00   5.858735860932421E+01   6.970656000000000E+02
0.000000000000000E+00   1.152844515896052E-03   0.000000000000000E+00   1.152844515896052E-03   4.151682920897609E-02   8.614751702712996E+02   2.770091437434047E-02   0.000000000000000E+00   5.850157746331179E+01   6.970656000000000E+02
0.000000000000000E+00   1.155007451197920E-03   0.000000000000000E+00   1.155007451197920E-03   4.157717811322328E-02   8.616727884072516E+02   2.750383340678056E-02   0.000000000000000E+00   5.841666294393221E+01   6.970656000000000E+02
0.000000000000000E+00   1.157170386499789E-03   0.000000000000000E+00   1.157170386499789E-03   4.163687171323505E-02   8.618676177393946E+02   2.730458373155097E-02   0.000000000000000E+00   5.833291263397105E+01   6.970656000000000E+02
0.000000000000000E+00   1.159333321801658E-03   0.000000000000000E+00   1.159333321801658E-03   4.169614825324539E-02   8.620604562594511E+02   2.710455721982441E-02   0.000000000000000E+00   5.824998475275125E+01   6.970656000000000E+02
0.000000000000000E+00   1.161496257103527E-03   0.000000000000000E+00   1.161496257103527E-03   4.175500235745436E-02   8.622513028665089E+02   2.690784646932551E-02   0.000000000000000E+00   5.816788080162557E+01   6.970656000000000E+02
0.000000000000000E+00   1.163659192405395E-03   0.000000000000000E+00   1.163659192405395E-03   4.181342867098756E-02   8.624401565065266E+02   2.670594209214401E-02   0.000000000000000E+00   5.808660225190368E+01   6.970656000000000E+02
0.000000000000000E+00   1.165822127707264E-03   0.000000000000000E+00   1.165822127707264E-03   4.187142186112690E-02   8.626270161723929E+02   2.649846084593074E-02   0.000000000000000E+00   5.800615054476759E+01   6.970656000000000E+02
0.000000000000000E+00   1.167985063009133E-03   0.000000000000000E+00   1.167985063009133E-03   4.192897661855836E-02   8.628118809040293E+02   2.628823643565985E-02   0.000000000000000E+00   5.792652709117109E+01   6.970656000000000E+02
0.000000000000000E+00   1.170147998311002E-03   0.000000000000000E+00   1.170147998311002E-03   4.198593970864012E-02   8.629942767864147E+02   2.607582901483198E-02   0.000000000000000E+00   5.784793711548599E+01   6.970656000000000E+02
0.000000000000000E+00   1.172310933612871E-03   0.000000000000000E+00   1.172310933612871E-03   4.204233971658353E-02   8.631743151652596E+02   2.586122260639793E-02   0.000000000000000E+00   5.777033381997921E+01   6.970656000000000E+02
0.000000000000000E+00   1.174473868914739E-03   0.000000000000000E+00   1.174473868914739E-03   4.209828682728858E-02   8.633523652211236E+02   2.565122650923257E-02   0.000000000000000E+00   5.769355912187916E+01   6.970656000000000E+02
0.000000000000000E+00   1.176636804216608E-03   0.000000000000000E+00   1.176636804216608E-03   4.215377588105641E-02   8.635284261865841E+02   2.543895828716403E-02   0.000000000000000E+00   5.761761429992050E+01   6.970656000000000E+02
0.000000000000000E+00   1.178799739518477E-03   0.000000000000000E+00   1.178799739518477E-03   4.220880174784977E-02   8.637024973414499E+02   2.522373207206076E-02   0.000000000000000E+00   5.754250060234723E+01   6.970656000000000E+02
0.000000000000000E+00   1.180962674820346E-03   0.000000000000000E+00   1.180962674820346E-03   4.226335932860850E-02   8.638745780130603E+02   2.500310587358115E-02   0.000000000000000E+00   5.746821924673461E+01   6.970656000000000E+02
0.000000000000000E+00   1.183125610122214E-03   0.000000000000000E+00   1.183125610122214E-03   4.231744355641029E-02   8.640446675760851E+02   2.477798746622688E-02   0.000000000000000E+00   5.739477142002551E+01   6.970656000000000E+02
0.000000000000000E+00   1.185288545424083E-03   0.000000000000000E+00   1.185288545424083E-03   4.237093163473955E-02   8.642123967000157E+02   2.455073772435220E-02   0.000000000000000E+00   5.732231759588332E+01   6.970656000000000E+02
0.000000000000000E+00   1.187451480725952E-03   0.000000000000000E+00   1.187451480725952E-03   4.242380560269198E-02   8.643777275213504E+02   2.432356478599927E-02   0.000000000000000E+00   5.725087519837875E+01   6.970656000000000E+02
0.000000000000000E+00   1.189614416027821E-03   0.000000000000000E+00   1.189614416027821E-03   4.247619281299350E-02   8.645410749392826E+02   2.409856250095663E-02   0.000000000000000E+00   5.718026591255675E+01   6.970656000000000E+02
0.000000000000000E+00   1.191777351329690E-03   0.000000000000000E+00   1.191777351329690E-03   4.252808838247699E-02   8.647024385212459E+02   2.387133940669562E-02   0.000000000000000E+00   5.711049079273329E+01   6.970656000000000E+02
0.000000000000000E+00   1.193940286631558E-03   0.000000000000000E+00   1.193940286631558E-03   4.257948746628751E-02   8.648618178823236E+02   2.364190600468102E-02   0.000000000000000E+00   5.704155086232574E+01   6.970656000000000E+02
0.000000000000000E+00   1.196103221933427E-03   0.000000000000000E+00   1.196103221933427E-03   4.263038525911053E-02   8.650192126853219E+02   2.341027316821863E-02   0.000000000000000E+00   5.697344711378000E+01   6.970656000000000E+02
0.000000000000000E+00   1.198266157235296E-03   0.000000000000000E+00   1.198266157235296E-03   4.268077699639812E-02   8.651746226408450E+02   2.317451175775339E-02   0.000000000000000E+00   5.690618050849846E+01   6.970656000000000E+02
0.000000000000000E+00   1.200429092537165E-03   0.000000000000000E+00   1.200429092537165E-03   4.273065795559087E-02   8.653280475073650E+02   2.293394707495356E-02   0.000000000000000E+00   5.683975197677050E+01   6.970656000000000E+02
0.000000000000000E+00   1.202592027839033E-03   0.000000000000000E+00   1.202592027839033E-03   4.277986289710783E-02   8.654789951803347E+02   2.269125410537433E-02   0.000000000000000E+00   5.677437550096031E+01   6.970656000000000E+02
0.000000000000000E+00   1.204754963140902E-03   0.000000000000000E+00   1.204754963140902E-03   4.282847700662177E-02   8.656277437971490E+02   2.245192564436060E-02   0.000000000000000E+00   5.670993156316251E+01   6.970656000000000E+02
0.000000000000000E+00   1.206917898442771E-03   0.000000000000000E+00   1.206917898442771E-03   4.287656833329580E-02   8.657745162614696E+02   2.221047259356053E-02   0.000000000000000E+00   5.664632442410078E+01   6.970656000000000E+02
0.000000000000000E+00   1.209080833744640E-03   0.000000000000000E+00   1.209080833744640E-03   4.292413237534319E-02   8.659193125241447E+02   2.196690798774027E-02   0.000000000000000E+00   5.658355488147665E+01   6.970656000000000E+02
0.000000000000000E+00   1.211243769046508E-03   0.000000000000000E+00   1.211243769046508E-03   4.297116467877322E-02   8.660621325839898E+02   2.172124522617101E-02   0.000000000000000E+00   5.652162370176046E+01   6.970656000000000E+02
0.000000000000000E+00   1.213406704348377E-03   0.000000000000000E+00   1.213406704348377E-03   4.301766083856505E-02   8.662029764878473E+02   2.147349807165249E-02   0.000000000000000E+00   5.646053162013396E+01   6.970656000000000E+02
0.000000000000000E+00   1.215569639650246E-03   0.000000000000000E+00   1.215569639650246E-03   4.306361649983324E-02   8.663418443306439E+02   2.122368064936807E-02   0.000000000000000E+00   5.640027934043592E+01   6.970656000000000E+02
0.000000000000000E+00   1.217732574952115E-03   0.000000000000000E+00   1.217732574952115E-03   4.310902735898520E-02   8.664787362554461E+02   2.097180744566123E-02   0.000000000000000E+00   5.634086753510959E+01   6.970656000000000E+02
0.000000000000000E+00   1.219895510253984E-03   0.000000000000000E+00   1.219895510253984E-03   4.315388916487002E-02   8.666136524535140E+02   2.071954857152709E-02   0.000000000000000E+00   5.628229684515193E+01   6.970656000000000E+02
0.000000000000000E+00   1.222058445555852E-03   0.000000000000000E+00   1.222058445555852E-03   4.319799087823647E-02   8.667459732869175E+02   2.047828046864554E-02   0.000000000000000E+00   5.622483709592269E+01   6.970656000000000E+02
0.000000000000000E+00   1.224221380857721E-03   0.000000000000000E+00   1.224221380857721E-03   4.324153228554276E-02   8.668763130463258E+02   2.024983650793405E-02   0.000000000000000E+00   5.616822234609012E+01   6.970656000000000E+02
0.000000000000000E+00   1.226384316159590E-03   0.000000000000000E+00   1.226384316159590E-03   4.328451443526390E-02   8.670046873783708E+02   2.003495585925354E-02   0.000000000000000E+00   5.611244648781958E+01   6.970656000000000E+02
0.000000000000000E+00   1.228547251461458E-03   0.000000000000000E+00   1.228547251461458E-03   4.332693333493349E-02   8.671310966656935E+02   1.983369768399196E-02   0.000000000000000E+00   5.605751003018059E+01   6.970656000000000E+02
0.000000000000000E+00   1.230710186763327E-03   0.000000000000000E+00   1.230710186763327E-03   4.336878504978540E-02   8.672555413391888E+02   1.964612075200445E-02   0.000000000000000E+00   5.600341345075375E+01   6.970656000000000E+02
0.000000000000000E+00   1.232873122065196E-03   0.000000000000000E+00   1.232873122065196E-03   4.341006570380741E-02   8.673780218779963E+02   1.947228343850606E-02   0.000000000000000E+00   5.595015719561499E+01   6.970656000000000E+02
0.000000000000000E+00   1.235036057367065E-03   0.000000000000000E+00   1.235036057367065E-03   4.345077148079900E-02   8.674985388095398E+02   1.931224372054477E-02   0.000000000000000E+00   5.589774167930004E+01   6.970656000000000E+02
0.000000000000000E+00   1.237198992668933E-03   0.000000000000000E+00   1.237198992668933E-03   4.349089862541627E-02   8.676170927095653E+02   1.916605917345641E-02   0.000000000000000E+00   5.584616728477067E+01   6.970656000000000E+02
0.000000000000000E+00   1.239361927970802E-03   0.000000000000000E+00   1.239361927970802E-03   4.353044344420391E-02   8.677336842021793E+02   1.903555914684479E-02   0.000000000000000E+00   5.579543436338219E+01   6.970656000000000E+02
0.000000000000000E+00   1.241524863272671E-03   0.000000000000000E+00   1.241524863272671E-03   4.356940230661167E-02   8.678483139598816E+02   1.892238760581634E-02   0.000000000000000E+00   5.574554323485471E+01   6.970656000000000E+02
0.000000000000000E+00   1.243687798574540E-03   0.000000000000000E+00   1.243687798574540E-03   4.360784960672741E-02   8.679612114012547E+02   1.832498307596310E-02   0.000000000000000E+00   5.569639461481971E+01   6.970656000000000E+02
0.000000000000000E+00   1.245850733876409E-03   0.000000000000000E+00   1.245850733876409E-03   4.364628494659247E-02   8.680738488825056E+02   1.732902846696990E-02   0.000000000000000E+00   5.564734783205461E+01   6.970656000000000E+02
0.000000000000000E+00   1.248013669178277E-03   0.000000000000000E+00   1.248013669178277E-03   4.368472738873849E-02   8.681862829906320E+02   1.628963859007156E-02   0.000000000000000E+00   5.559837831621954E+01   6.970656000000000E+02
0.000000000000000E+00   1.250176604480146E-03   0.000000000000000E+00   1.250176604480146E-03   4.372317699576921E-02   8.682985144616755E+02   1.526565049499476E-02   0.000000000000000E+00   5.554948580783639E+01   6.970656000000000E+02
0.000000000000000E+00   1.252339539782015E-03   0.000000000000000E+00   1.252339539782015E-03   4.376163383013257E-02   8.684105440277335E+02   1.425711294680623E-02   0.000000000000000E+00   5.550067004874079E+01   6.970656000000000E+02
0.000000000000000E+00   1.254502475083884E-03   0.000000000000000E+00   1.254502475083884E-03   4.380009795410485E-02   8.685223724169379E+02   1.326407316197261E-02   0.000000000000000E+00   5.545193078209494E+01   6.970656000000000E+02
0.000000000000000E+00   1.256665410385752E-03   0.000000000000000E+00   1.256665410385752E-03   4.383856942979227E-02   8.686340003534837E+02   1.228657679160404E-02   0.000000000000000E+00   5.540326775237813E+01   6.970656000000000E+02
0.000000000000000E+00   1.258828345687621E-03   0.000000000000000E+00   1.258828345687621E-03   4.387704831913227E-02   8.687454285576578E+02   1.132466790511334E-02   0.000000000000000E+00   5.535468070537779E+01   6.970656000000000E+02
0.000000000000000E+00   1.260991280989490E-03   0.000000000000000E+00   1.260991280989490E-03   4.391553468389471E-02   8.688566577458660E+02   1.037877846637188E-02   0.000000000000000E+00   5.530616938818058E+01   6.970656000000000E+02
0.000000000000000E+00   1.263154216291359E-03   0.000000000000000E+00   1.263154216291359E-03   4.395402858568366E-02   8.689676886306626E+02   9.444116873193199E-03   0.000000000000000E+00   5.525773354916296E+01   6.970656000000000E+02
0.000000000000000E+00   1.265317151593227E-03   0.000000000000000E+00   1.265317151593227E-03   4.399253008593860E-02   8.690785219207768E+02   8.510951755800172E-03   0.000000000000000E+00   5.520937293798251E+01   6.970656000000000E+02
0.000000000000000E+00   1.267480086895096E-03   0.000000000000000E+00   1.267480086895096E-03   4.400000000000000E-02   8.691000000000000E+02   7.584624833746838E-03   0.000000000000000E+00   5.520000000000000E+01   6.970656000000000E+02
0.000000000000000E+00   1.269643022196965E-03   0.000000000000000E+00   1.269643022196965E-03   4.400000000000000E-02   8.691000000000000E+02   6.659602048517893E-03   0.000000000000000E+00   5.520000000000000E+01   6.970656000000000E+02
0.000000000000000E+00   1.271805957498833E-03   0.000000000000000E+00   1.271805957498833E-03   4.400000000000000E-02   8.691000000000000E+02   5.734436963213889E-03   0.000000000000000E+00   5.520000000000000E+01   6.970656000000000E+02
0.000000000000000E+00   1.273968892800702E-03   0.000000000000000E+00   1.273968892800702E-03   4.400000000000000E-02   8.691000000000000E+02   4.809128055815878E-03   0.000000000000000E+00   5.520000000000000E+01   6.970656000000000E+02
0.000000000000000E+00   1.276131828102571E-03   0.000000000000000E+00   1.276131828102571E-03   4.400000000000000E-02   8.691000000000000E+02   3.883673808659280E-03   0.000000000000000E+00   5.520000000000000E+01   6.970656000000000E+02
0.000000000000000E+00   1.278294763404440E-03   0.000000000000000E+00   1.278294763404440E-03   4.400000000000000E-02   8.691000000000000E+02   2.958072708428747E-03   0.000000000000000E+00   5.520000000000000E+01   6.970656000000000E+02
0.000000000000000E+00   1.280457698706309E-03   0.000000000000000E+00   1.280457698706309E-03   4.400000000000000E-02   8.691000000000000E+02   2.032323246106214E-03   0.000000000000000E+00   5.520000000000000E+01   6.970656000000000E+02
0.000000000000000E+00   1.282620634008177E-03   0.000000000000000E+00   1.282620634008177E-03   4.400000000000000E-02   8.691000000000000E+02   1.106423916941036E-03   0.000000000000000E+00   5.520000000000000E+01   6.970656000000000E+02
0.000000000000000E+00   1.284783569310046E-03   0.000000000000000E+00   1.284783569310046E-03   4.400000000000000E-02   8.691000000000000E+02   1.803732204171338E-04   0.000000000000000E+00   5.520000000000000E+01   6.970656000000000E+02
0.000000000000000E+00   1.286946504611915E-03   0.000000000000000E+00   1.286946504611915E-03   4.400000000000000E-02   8.691000000000000E+02   0.000000000000000E+00   0.000000000000000E+00   5.520000000000000E+01   6.970656000000000E+02
0.000000000000000E+00   1.289109439913784E-03   0.000000000000000E+00   1.289109439913784E-03   4.400000000000000E-02   8.691000000000000E+02   0.000000000000000E+00   0.000000000000000E+00   5.520000000000000E+01   6.970656000000000E+02
0.000000000000000E+00   1.291272375215653E-03   0.000000000000000E+00   1.291272375215653E-03   4.400000000000000E-02   8.691000000000000E+02   0.000000000000000E+00   0.000000000000000E+00   5.520000000000000E+01   6.970656000000000E+02
0.000000000000000E+00   1.293435310517521E-03   0.000000000000000E+00   1.293435310517521E-03   4.400000000000000E-02   8.691000000000000E+02   0.000000000000000E+00   0.000000000000000E+00   5.520000000000000E+01   6.970656000000000E+02
0.000000000000000E+00   1.295598245819390E-03   0.000000000000000E+00   1.295598245819390E-03   4.400000000000000E-02   8.691000000000000E+02   0.000000000000000E+00   0.000000000000000E+00   5.520000000000000E+01   6.970656000000000E+02
0.000000000000000E+00   1.297761181121259E-03   0.000000000000000E+00   1.297761181121259E-03   4.400000000000000E-02   8.691000000000000E+02   0.000000000000000E+00   0.000000000000000E+00   5.520000000000000E+01   6.970656000000000E+02
0.000000000000000E+00   1.299924116423128E-03   0.000000000000000E+00   1.299924116423128E-03   4.400000000000000E-02   8.691000000000000E+02   0.000000000000000E+00   0.000000000000000E+00   5.520000000000000E+01   6.970656000000000E+02
0.000000000000000E+00   1.302087051724996E-03   0.000000000000000E+00   1.302087051724996E-03   4.400000000000000E-02   8.691000000000000E+02   0.000000000000000E+00   0.000000000000000E+00   5.520000000000000E+01   6.970656000000000E+02
0.000000000000000E+00   1.304249987026865E-03   0.000000000000000E+00   1.304249987026865E-03   4.400000000000000E-02   8.691000000000000E+02   0.000000000000000E+00   0.000000000000000E+00   5.520000000000000E+01   6.970656000000000E+02
0.000000000000000E+00   1.306412922328734E-03   0.000000000000000E+00   1.306412922328734E-03   4.400000000000000E-02   8.691000000000000E+02   0.000000000000000E+00   0.000000000000000E+00   5.520000000000000E+01   6.970656000000000E+02
0.000000000000000E+00   1.308575857630603E-03   0.000000000000000E+00   1.308575857630603E-03   4.400000000000000E-02   8.691000000000000E+02   0.000000000000000E+00   0.000000000000000E+00   5.520000000000000E+01   6.970656000000000E+02
0.000000000000000E+00   1.310738792932471E-03   0.000000000000000E+00   1.310738792932471E-03   4.400000000000000E-02   8.691000000000000E+02   0.000000000000000E+00   0.000000000000000E+00   5.520000000000000E+01   6.970656000000000E+02
0.000000000000000E+00   1.312901728234340E-03   0.000000000000000E+00   1.312901728234340E-03   4.400000000000000E-02   8.691000000000000E+02   0.000000000000000E+00   0.000000000000000E+00   5.520000000000000E+01   6.970656000000000E+02
0.000000000000000E+00   1.315064663536209E-03   0.000000000000000E+00   1.315064663536209E-03   4.400000000000000E-02   8.691000000000000E+02   0.000000000000000E+00   0.000000000000000E+00   5.520000000000000E+01   6.970656000000000E+02
0.000000000000000E+00   1.317227598838078E-03   0.000000000000000E+00   1.317227598838078E-03   4.400000000000000E-02   8.691000000000000E+02   0.000000000000000E+00   0.000000000000000E+00   5.520000000000000E+01   6.970656000000000E+02
0.000000000000000E+00   1.319390534139946E-03   0.000000000000000E+00   1.319390534139946E-03   4.400000000000000E-02   8.691000000000000E+02   0.000000000000000E+00   0.000000000000000E+00   5.520000000000000E+01   6.970656000000000E+02
0.000000000000000E+00   1.321553469441815E-03   0.000000000000000E+00   1.321553469441815E-03   4.400000000000000E-02   8.691000000000000E+02   0.000000000000000E+00   0.000000000000000E+00   5.520000000000000E+01   6.970656000000000E+02
0.000000000000000E+00   1.323716404743684E-03   0.000000000000000E+00   1.323716404743684E-03   4.400000000000000E-02   8.691000000000000E+02   0.000000000000000E+00   0.000000000000000E+00   5.520000000000000E+01   6.970656000000000E+02
0.000000000000000E+00   1.325879340045553E-03   0.000000000000000E+00   1.325879340045553E-03   4.400000000000000E-02   8.691000000000000E+02   0.000000000000000E+00   0.000000000000000E+00   5.520000000000000E+01   6.970656000000000E+02
0.000000000000000E+00   1.328042275347421E-03   0.000000000000000E+00   1.328042275347421E-03   4.400000000000000E-02   8.691000000000000E+02   0.000000000000000E+00   0.000000000000000E+00   5.520000000000000E+01   6.970656000000000E+02
0.000000000000000E+00   1.330205210649290E-03   0.000000000000000E+00   1.330205210649290E-03   4.400000000000000E-02   8.691000000000000E+02   0.000000000000000E+00   0.000000000000000E+00   5.520000000000000E+01   6.970656000000000E+02
0.000000000000000E+00   1.332368145951159E-03   0.000000000000000E+00   1.332368145951159E-03   4.400000000000000E-02   8.691000000000000E+02   0.000000000000000E+00   0.000000000000000E+00   5.520000000000000E+01   6.970656000000000E+02
0.000000000000000E+00   1.334531081253028E-03   0.000000000000000E+00   1.334531081253028E-03   4.400000000000000E-02   8.691000000000000E+02   0.000000000000000E+00   0.000000000000000E+00   5.520000000000000E+01   6.970656000000000E+02
0.000000000000000E+00   1.336694016554897E-03   0.000000000000000E+00   1.336694016554897E-03   4.400000000000000E-02   8.691000000000000E+02   0.000000000000000E+00   0.000000000000000E+00   5.520000000000000E+01   6.970656000000000E+02
0.000000000000000E+00   1.338856951856765E-03   0.000000000000000E+00   1.338856951856765E-03   4.400000000000000E-02   8.691000000000000E+02   0.000000000000000E+00   0.000000000000000E+00   5.520000000000000E+01   6.970656000000000E+02
0.000000000000000E+00   1.341019887158634E-03   0.000000000000000E+00   1.341019887158634E-03   4.400000000000000E-02   8.691000000000000E+02   0.000000000000000E+00   0.000000000000000E+00   5.520000000000000E+01   6.970656000000000E+02
0.000000000000000E+00   1.343182822460503E-03   0.000000000000000E+00   1.343182822460503E-03   4.400000000000000E-02   8.691000000000000E+02   0.000000000000000E+00   0.000000000000000E+00   5.520000000000000E+01   6.970656000000000E+02
0.000000000000000E+00   1.345345757762372E-03   0.000000000000000E+00   1.345345757762372E-03   4.400000000000000E-02   8.691000000000000E+02   0.000000000000000E+00   0.000000000000000E+00   5.520000000000000E+01   6.970656000000000E+02
0.000000000000000E+00   1.347508693064240E-03   0.000000000000000E+00   1.347508693064240E-03   4.400000000000000E-02   8.691000000000000E+02   0.000000000000000E+00   0.000000000000000E+00   5.520000000000000E+01   6.970656000000000E+02
0.000000000000000E+00   1.349671628366109E-03   0.000000000000000E+00   1.349671628366109E-03   4.400000000000000E-02   8.691000000000000E+02   0.000000000000000E+00   0.000000000000000E+00   5.520000000000000E+01   6.970656000000000E+02
0.000000000000000E+00   1.351834563667978E-03   0.000000000000000E+00   1.351834563667978E-03   4.400000000000000E-02   8.691000000000000E+02   0.000000000000000E+00   0.000000000000000E+00   5.520000000000000E+01   6.970656000000000E+02
0.000000000000000E+00   1.353997498969847E-03   0.000000000000000E+00   1.353997498969847E-03   4.400000000000000E-02   8.691000000000000E+02   0.000000000000000E+00   0.000000000000000E+00   5.520000000000000E+01   6.970656000000000E+02
0.000000000000000E+00   1.356160434271716E-03   0.000000000000000E+00   1.356160434271716E-03   4.400000000000000E-02   8.691000000000000E+02   0.000000000000000E+00   0.000000000000000E+00   5.520000000000000E+01   6.970656000000000E+02
0.000000000000000E+00   1.358323369573584E-03   0.000000000000000E+00   1.358323369573584E-03   4.400000000000000E-02   8.691000000000000E+02   0.000000000000000E+00   0.000000000000000E+00   5.520000000000000E+01   6.970656000000000E+02
0.000000000000000E+00   1.360486304875453E-03   0.000000000000000E+00   1.360486304875453E-03   4.400000000000000E-02   8.691000000000000E+02   0.000000000000000E+00   0.000000000000000E+00   5.520000000000000E+01   6.970656000000000E+02
0.000000000000000E+00   1.362649240177322E-03   0.000000000000000E+00   1.362649240177322E-03   4.400000000000000E-02   8.691000000000000E+02   0.000000000000000E+00   0.000000000000000E+00   5.520000000000000E+01   6.970656000000000E+02
0.000000000000000E+00   1.364812175479191E-03   0.000000000000000E+00   1.364812175479191E-03   4.400000000000000E-02   8.691000000000000E+02   0.000000000000000E+00   0.000000000000000E+00   5.520000000000000E+01   6.970656000000000E+02
0.000000000000000E+00   1.366975110781059E-03   0.000000000000000E+00   1.366975110781059E-03   4.400000000000000E-02   8.691000000000000E+02   0.000000000000000E+00   0.000000000000000E+00   5.520000000000000E+01   6.970656000000000E+02
0.000000000000000E+00   1.369138046082928E-03   0.000000000000000E+00   1.369138046082928E-03   4.400000000000000E-02   8.691000000000000E+02   0.000000000000000E+00   0.000000000000000E+00   5.520000000000000E+01   6.970656000000000E+02
0.000000000000000E+00   1.371300981384797E-03   0.000000000000000E+00   1.371300981384797E-03   4.400000000000000E-02   8.691000000000000E+02   0.000000000000000E+00   0.000000000000000E+00   5.520000000000000E+01   6.970656000000000E+02
0.000000000000000E+00   1.373463916686665E-03   0.000000000000000E+00   1.373463916686665E-03   4.400000000000000E-02   8.691000000000000E+02   0.000000000000000E+00   0.000000000000000E+00   5.520000000000000E+01   6.970656000000000E+02
0.000000000000000E+00   1.375626851988534E-03   0.000000000000000E+00   1.375626851988534E-03   4.400000000000000E-02   8.691000000000000E+02   0.000000000000000E+00   0.000000000000000E+00   5.520000000000000E+01   6.970656000000000E+02
0.000000000000000E+00   1.377789787290403E-03   0.000000000000000E+00   1.377789787290403E-03   4.400000000000000E-02   8.691000000000000E+02   0.000000000000000E+00   0.000000000000000E+00   5.520000000000000E+01   6.970656000000000E+02
0.000000000000000E+00   1.379952722592272E-03   0.000000000000000E+00   1.379952722592272E-03   4.400000000000000E-02   8.691000000000000E+02   0.000000000000000E+00   0.000000000000000E+00   5.520000000000000E+01   6.970656000000000E+02
0.000000000000000E+00   1.382115657894141E-03   0.000000000000000E+00   1.382115657894141E-03   4.400000000000000E-02   8.691000000000000E+02   0.000000000000000E+00   0.000000000000000E+00   5.520000000000000E+01   6.970656000000000E+02
0.000000000000000E+00   1.384278593196009E-03   0.000000000000000E+00   1.384278593196009E-03   4.400000000000000E-02   8.691000000000000E+02   0.000000000000000E+00   0.000000000000000E+00   5.520000000000000E+01   6.970656000000000E+02
0.000000000000000E+00   1.386441528497878E-03   0.000000000000000E+00   1.386441528497878E-03   4.400000000000000E-02   8.691000000000000E+02   0.000000000000000E+00   0.000000000000000E+00   5.520000000000000E+01   6.970656000000000E+02
0.000000000000000E+00   1.388604463799747E-03   0.000000000000000E+00   1.388604463799747E-03   4.400000000000000E-02   8.691000000000000E+02   0.000000000000000E+00   0.000000000000000E+00   5.520000000000000E+01   6.970656000000000E+02
0.000000000000000E+00   1.390767399101616E-03   0.000000000000000E+00   1.390767399101616E-03   4.400000000000000E-02   8.691000000000000E+02   0.000000000000000E+00   0.000000000000000E+00   5.520000000000000E+01   6.970656000000000E+02
0.000000000000000E+00   1.392930334403484E-03   0.000000000000000E+00   1.392930334403484E-03   4.400000000000000E-02   8.691000000000000E+02   0.000000000000000E+00   0.000000000000000E+00   5.520000000000000E+01   6.970656000000000E+02
0.000000000000000E+00   1.395093269705353E-03   0.000000000000000E+00   1.395093269705353E-03   4.400000000000000E-02   8.691000000000000E+02   0.000000000000000E+00   0.000000000000000E+00   5.520000000000000E+01   6.970656000000000E+02
0.000000000000000E+00   1.397256205007222E-03   0.000000000000000E+00   1.397256205007222E-03   4.400000000000000E-02   8.691000000000000E+02   0.000000000000000E+00   0.000000000000000E+00   5.520000000000000E+01   6.970656000000000E+02
0.000000000000000E+00   1.399419140309091E-03   0.000000000000000E+00   1.399419140309091E-03   4.400000000000000E-02   8.691000000000000E+02   0.000000000000000E+00   0.000000000000000E+00   5.520000000000000E+01   6.970656000000000E+02
0.000000000000000E+00   1.401582075610960E-03   0.000000000000000E+00   1.401582075610960E-03   4.400000000000000E-02   8.691000000000000E+02   0.000000000000000E+00   0.000000000000000E+00   5.520000000000000E+01   6.970656000000000E+02
0.000000000000000E+00   1.403745010912828E-03   0.000000000000000E+00   1.403745010912828E-03   4.400000000000000E-02   8.691000000000000E+02   0.000000000000000E+00   0.000000000000000E+00   5.520000000000000E+01   6.970656000000000E+02
0.000000000000000E+00   1.405907946214697E-03   0.000000000000000E+00   1.405907946214697E-03   4.400000000000000E-02   8.691000000000000E+02   0.000000000000000E+00   0.000000000000000E+00   5.520000000000000E+01   6.970656000000000E+02
0.000000000000000E+00   1.408070881516566E-03   0.000000000000000E+00   1.408070881516566E-03   4.400000000000000E-02   8.691000000000000E+02   0.000000000000000E+00   0.000000000000000E+00   5.520000000000000E+01   6.970656000000000E+02
0.000000000000000E+00   1.410233816818435E-03   0.000000000000000E+00   1.410233816818435E-03   4.400000000000000E-02   8.691000000000000E+02   0.000000000000000E+00   0.000000000000000E+00   5.520000000000000E+01   6.970656000000000E+02
0.000000000000000E+00   1.412396752120303E-03   0.000000000000000E+00   1.412396752120303E-03   4.400000000000000E-02   8.691000000000000E+02   0.000000000000000E+00   0.000000000000000E+00   5.520000000000000E+01   6.970656000000000E+02
0.000000000000000E+00   1.414559687422172E-03   0.000000000000000E+00   1.414559687422172E-03   4.400000000000000E-02   8.691000000000000E+02   0.000000000000000E+00   0.000000000000000E+00   5.520000000000000E+01   6.970656000000000E+02
0.000000000000000E+00   1.416722622724041E-03   0.000000000000000E+00   1.416722622724041E-03   4.400000000000000E-02   8.691000000000000E+02   0.000000000000000E+00   0.000000000000000E+00   5.520000000000000E+01   6.970656000000000E+02
0.000000000000000E+00   1.418885558025910E-03   0.000000000000000E+00   1.418885558025910E-03   4.400000000000000E-02   8.691000000000000E+02   0.000000000000000E+00   0.000000000000000E+00   5.520000000000000E+01   6.970656000000000E+02
0.000000000000000E+00   1.421048493327778E-03   0.000000000000000E+00   1.421048493327778E-03   4.400000000000000E-02   8.691000000000000E+02   0.000000000000000E+00   0.000000000000000E+00   5.520000000000000E+01   6.970656000000000E+02
0.000000000000000E+00   1.423211428629647E-03   0.000000000000000E+00   1.423211428629647E-03   4.400000000000000E-02   8.691000000000000E+02   0.000000000000000E+00   0.000000000000000E+00   5.520000000000000E+01   6.970656000000000E+02
0.000000000000000E+00   1.425374363931516E-03   0.000000000000000E+00   1.425374363931516E-03   4.400000000000000E-02   8.691000000000000E+02   0.000000000000000E+00   0.000000000000000E+00   5.520000000000000E+01   6.970656000000000E+02
0.000000000000000E+00   1.427537299233385E-03   0.000000000000000E+00   1.427537299233385E-03   4.400000000000000E-02   8.691000000000000E+02   0.000000000000000E+00   0.000000000000000E+00   5.520000000000000E+01   6.970656000000000E+02
0.000000000000000E+00   1.429700234535254E-03   0.000000000000000E+00   1.429700234535254E-03   4.400000000000000E-02   8.691000000000000E+02   0.000000000000000E+00   0.000000000000000E+00   5.520000000000000E+01   6.970656000000000E+02
0.000000000000000E+00   1.431863169837122E-03   0.000000000000000E+00   1.431863169837122E-03   4.400000000000000E-02   8.691000000000000E+02   0.000000000000000E+00   0.000000000000000E+00   5.520000000000000E+01   6.970656000000000E+02
0.000000000000000E+00   1.434026105138991E-03   0.000000000000000E+00   1.434026105138991E-03   4.400000000000000E-02   8.691000000000000E+02   0.000000000000000E+00   0.000000000000000E+00   5.520000000000000E+01   6.970656000000000E+02
0.000000000000000E+00   1.436189040440860E-03   0.000000000000000E+00   1.436189040440860E-03   4.400000000000000E-02   8.691000000000000E+02   0.000000000000000E+00   0.000000000000000E+00   5.520000000000000E+01   6.970656000000000E+02
0.000000000000000E+00   1.438351975742729E-03   0.000000000000000E+00   1.438351975742729E-03   4.400000000000000E-02   8.691000000000000E+02   0.000000000000000E+00   0.000000000000000E+00   5.520000000000000E+01   6.970656000000000E+02
0.000000000000000E+00   1.440514911044597E-03   0.000000000000000E+00   1.440514911044597E-03   4.400000000000000E-02   8.691000000000000E+02   0.000000000000000E+00   0.000000000000000E+00   5.520000000000000E+01   6.970656000000000E+02
0.000000000000000E+00   1.442677846346466E-03   0.000000000000000E+00   1.442677846346466E-03   4.400000000000000E-02   8.691000000000000E+02   0.000000000000000E+00   0.000000000000000E+00   5.520000000000000E+01   6.970656000000000E+02
0.000000000000000E+00   1.444840781648335E-03   0.000000000000000E+00   1.444840781648335E-03   4.400000000000000E-02   8.691000000000000E+02   0.000000000000000E+00   0.000000000000000E+00   5.520000000000000E+01   6.970656000000000E+02
0.000000000000000E+00   1.447003716950204E-03   0.000000000000000E+00   1.447003716950204E-03   4.400000000000000E-02   8.691000000000000E+02   0.000000000000000E+00   0.000000000000000E+00   5.520000000000000E+01   6.970656000000000E+02
0.000000000000000E+00   1.449166652252072E-03   0.000000000000000E+00   1.449166652252072E-03   4.400000000000000E-02   8.691000000000000E+02   0.000000000000000E+00   0.000000000000000E+00   5.520000000000000E+01   6.970656000000000E+02
0.000000000000000E+00   1.451329587553941E-03   0.000000000000000E+00   1.451329587553941E-03   4.400000000000000E-02   8.691000000000000E+02   0.000000000000000E+00   0.000000000000000E+00   5.520000000000000E+01   6.970656000000000E+02
0.000000000000000E+00   1.453492522855810E-03   0.000000000000000E+00   1.453492522855810E-03   4.400000000000000E-02   8.691000000000000E+02   0.000000000000000E+00   0.000000000000000E+00   5.520000000000000E+01   6.970656000000000E+02
0.000000000000000E+00   1.455655458157679E-03   0.000000000000000E+00   1.455655458157679E-03   4.400000000000000E-02   8.691000000000000E+02   0.000000000000000E+00   0.000000000000000E+00   5.520000000000000E+01   6.970656000000000E+02
0.000000000000000E+00   1.457818393459547E-03   0.000000000000000E+00   1.457818393459547E-03   4.400000000000000E-02   8.691000000000000E+02   0.000000000000000E+00   0.000000000000000E+00   5.520000000000000E+01   6.970656000000000E+02
0.000000000000000E+00   1.459981328761416E-03   0.000000000000000E+00   1.459981328761416E-03   4.400000000000000E-02   8.691000000000000E+02   0.000000000000000E+00   0.000000000000000E+00   5.520000000000000E+01   6.970656000000000E+02
0.000000000000000E+00   1.462144264063285E-03   0.000000000000000E+00   1.462144264063285E-03   4.400000000000000E-02   8.691000000000000E+02   0.000000000000000E+00   0.000000000000000E+00   5.520000000000000E+01   6.970656000000000E+02
0.000000000000000E+00   1.464307199365154E-03   0.000000000000000E+00   1.464307199365154E-03   4.400000000000000E-02   8.691000000000000E+02   0.000000000000000E+00   0.000000000000000E+00   5.520000000000000E+01   6.970656000000000E+02
0.000000000000000E+00   1.466470134667022E-03   0.000000000000000E+00   1.466470134667022E-03   4.400000000000000E-02   8.691000000000000E+02   0.000000000000000E+00   0.000000000000000E+00   5.520000000000000E+01   6.970656000000000E+02
0.000000000000000E+00   1.468633069968891E-03   0.000000000000000E+00   1.468633069968891E-03   4.400000000000000E-02   8.691000000000000E+02   0.000000000000000E+00   0.000000000000000E+00   5.520000000000000E+01   6.970656000000000E+02
0.000000000000000E+00   1.470796005270760E-03   0.000000000000000E+00   1.470796005270760E-03   4.400000000000000E-02   8.691000000000000E+02   0.000000000000000E+00   0.000000000000000E+00   5.520000000000000E+01   6.970656000000000E+02
0.000000000000000E+00   1.472958940572629E-03   0.000000000000000E+00   1.472958940572629E-03   4.400000000000000E-02   8.691000000000000E+02   0.000000000000000E+00   0.000000000000000E+00   5.520000000000000E+01   6.970656000000000E+02
0.000000000000000E+00   1.475121875874498E-03   0.000000000000000E+00   1.475121875874498E-03   4.400000000000000E-02   8.691000000000000E+02   0.000000000000000E+00   0.000000000000000E+00   5.520000000000000E+01   6.970656000000000E+02
0.000000000000000E+00   1.477284811176366E-03   0.000000000000000E+00   1.477284811176366E-03   4.400000000000000E-02   8.691000000000000E+02   0.000000000000000E+00   0.000000000000000E+00   5.520000000000000E+01   6.970656000000000E+02
0.000000000000000E+00   1.479447746478235E-03   0.000000000000000E+00   1.479447746478235E-03   4.400000000000000E-02   8.691000000000000E+02   0.000000000000000E+00   0.000000000000000E+00   5.520000000000000E+01   6.970656000000000E+02
0.000000000000000E+00   1.481610681780104E-03   0.000000000000000E+00   1.481610681780104E-03   4.400000000000000E-02   8.691000000000000E+02   0.000000000000000E+00   0.000000000000000E+00   5.520000000000000E+01   6.970656000000000E+02
0.000000000000000E+00   1.483773617081973E-03   0.000000000000000E+00   1.483773617081973E-03   4.400000000000000E-02   8.691000000000000E+02   0.000000000000000E+00   0.000000000000000E+00   5.520000000000000E+01   6.970656000000000E+02
0.000000000000000E+00   1.485936552383841E-03   0.000000000000000E+00   1.485936552383841E-03   4.400000000000000E-02   8.691000000000000E+02   0.000000000000000E+00   0.000000000000000E+00   5.520000000000000E+01   6.970656000000000E+02
0.000000000000000E+00   1.488099487685710E-03   0.000000000000000E+00   1.488099487685710E-03   4.400000000000000E-02   8.691000000000000E+02   0.000000000000000E+00   0.000000000000000E+00   5.520000000000000E+01   6.970656000000000E+02
0.000000000000000E+00   1.490262422987579E-03   0.000000000000000E+00   1.490262422987579E-03   4.400000000000000E-02   8.691000000000000E+02   0.000000000000000E+00   0.000000000000000E+00   5.520000000000000E+01   6.970656000000000E+02
0.000000000000000E+00   1.492425358289448E-03   0.000000000000000E+00   1.492425358289448E-03   4.400000000000000E-02   8.691000000000000E+02   0.000000000000000E+00   0.000000000000000E+00   5.520000000000000E+01   6.970656000000000E+02
0.000000000000000E+00   1.494588293591316E-03   0.000000000000000E+00   1.494588293591316E-03   4.400000000000000E-02   8.691000000000000E+02   0.000000000000000E+00   0.000000000000000E+00   5.520000000000000E+01   6.970656000000000E+02
0.000000000000000E+00   1.496751228893185E-03   0.000000000000000E+00   1.496751228893185E-03   4.400000000000000E-02   8.691000000000000E+02   0.000000000000000E+00   0.000000000000000E+00   5.520000000000000E+01   6.970656000000000E+02
0.000000000000000E+00   1.498914164195054E-03   0.000000000000000E+00   1.498914164195054E-03   4.400000000000000E-02   8.691000000000000E+02   0.000000000000000E+00   0.000000000000000E+00   5.520000000000000E+01   6.970656000000000E+02
0.000000000000000E+00   1.501077099496923E-03   0.000000000000000E+00   1.501077099496923E-03   4.400000000000000E-02   8.691000000000000E+02   0.000000000000000E+00   0.000000000000000E+00   5.520000000000000E+01   6.970656000000000E+02
0.000000000000000E+00   1.503240034798792E-03   0.000000000000000E+00   1.503240034798792E-03   4.400000000000000E-02   8.691000000000000E+02   0.000000000000000E+00   0.000000000000000E+00   5.520000000000000E+01   6.970656000000000E+02
0.000000000000000E+00   1.505402970100660E-03   0.000000000000000E+00   1.505402970100660E-03   4.400000000000000E-02   8.691000000000000E+02   0.000000000000000E+00   0.000000000000000E+00   5.520000000000000E+01   6.970656000000000E+02
0.000000000000000E+00   1.507565905402529E-03   0.000000000000000E+00   1.507565905402529E-03   4.400000000000000E-02   8.691000000000000E+02   0.000000000000000E+00   0.000000000000000E+00   5.520000000000000E+01   6.970656000000000E+02
0.000000000000000E+00   1.509728840704398E-03   0.000000000000000E+00   1.509728840704398E-03   4.400000000000000E-02   8.691000000000000E+02   0.000000000000000E+00   0.000000000000000E+00   5.520000000000000E+01   6.970656000000000E+02
0.000000000000000E+00   1.511891776006267E-03   0.000000000000000E+00   1.511891776006267E-03   4.400000000000000E-02   8.691000000000000E+02   0.000000000000000E+00   0.000000000000000E+00   5.520000000000000E+01   6.970656000000000E+02
0.000000000000000E+00   1.514054711308135E-03   0.000000000000000E+00   1.514054711308135E-03   4.400000000000000E-02   8.691000000000000E+02   0.000000000000000E+00   0.000000000000000E+00   5.520000000000000E+01   6.970656000000000E+02
0.000000000000000E+00   1.516217646610004E-03   0.000000000000000E+00   1.516217646610004E-03   4.400000000000000E-02   8.691000000000000E+02   0.000000000000000E+00   0.000000000000000E+00   5.520000000000000E+01   6.970656000000000E+02
0.000000000000000E+00   1.518380581911873E-03   0.000000000000000E+00   1.518380581911873E-03   4.400000000000000E-02   8.691000000000000E+02   0.000000000000000E+00   0.000000000000000E+00   5.520000000000000E+01   6.970656000000000E+02
0.000000000000000E+00   1.520543517213742E-03   0.000000000000000E+00   1.520543517213742E-03   4.400000000000000E-02   8.691000000000000E+02   0.000000000000000E+00   0.000000000000000E+00   5.520000000000000E+01   6.970656000000000E+02
0.000000000000000E+00   1.522706452515610E-03   0.000000000000000E+00   1.522706452515610E-03   4.400000000000000E-02   8.691000000000000E+02   0.000000000000000E+00   0.000000000000000E+00   5.520000000000000E+01   6.970656000000000E+02
0.000000000000000E+00   1.524869387817479E-03   0.000000000000000E+00   1.524869387817479E-03   4.400000000000000E-02   8.691000000000000E+02   0.000000000000000E+00   0.000000000000000E+00   5.520000000000000E+01   6.970656000000000E+02
0.000000000000000E+00   1.527032323119348E-03   0.000000000000000E+00   1.527032323119348E-03   4.400000000000000E-02   8.691000000000000E+02   0.000000000000000E+00   0.000000000000000E+00   5.520000000000000E+01   6.970656000000000E+02
0.000000000000000E+00   1.529195258421217E-03   0.000000000000000E+00   1.529195258421217E-03   4.400000000000000E-02   8.691000000000000E+02   0.000000000000000E+00   0.000000000000000E+00   5.520000000000000E+01   6.970656000000000E+02
0.000000000000000E+00   1.531358193723086E-03   0.000000000000000E+00   1.531358193723086E-03   4.400000000000000E-02   8.691000000000000E+02   0.000000000000000E+00   0.000000000000000E+00   5.520000000000000E+01   6.970656000000000E+02
0.000000000000000E+00   1.533521129024954E-03   0.000000000000000E+00   1.533521129024954E-03   4.400000000000000E-02   8.691000000000000E+02   0.000000000000000E+00   0.000000000000000E+00   5.520000000000000E+01   6.970656000000000E+02
0.000000000000000E+00   1.535684064326823E-03   0.000000000000000E+00   1.535684064326823E-03   4.400000000000000E-02   8.691000000000000E+02   0.000000000000000E+00   0.000000000000000E+00   5.520000000000000E+01   6.970656000000000E+02
0.000000000000000E+00   1.537846999628692E-03   0.000000000000000E+00   1.537846999628692E-03   4.400000000000000E-02   8.691000000000000E+02   0.000000000000000E+00   0.000000000000000E+00   5.520000000000000E+01   6.970656000000000E+02
0.000000000000000E+00   1.540009934930561E-03   0.000000000000000E+00   1.540009934930561E-03   4.400000000000000E-02   8.691000000000000E+02   0.000000000000000E+00   0.000000000000000E+00   5.520000000000000E+01   6.970656000000000E+02
0.000000000000000E+00   1.542172870232429E-03   0.000000000000000E+00   1.542172870232429E-03   4.400000000000000E-02   8.691000000000000E+02   0.000000000000000E+00   0.000000000000000E+00   5.520000000000000E+01   6.970656000000000E+02
0.000000000000000E+00   1.544335805534298E-03   0.000000000000000E+00   1.544335805534298E-03   4.400000000000000E-02   8.691000000000000E+02   0.000000000000000E+00   0.000000000000000E+00   5.520000000000000E+01   6.970656000000000E+02
0.000000000000000E+00   1.546498740836167E-03   0.000000000000000E+00   1.546498740836167E-03   4.400000000000000E-02   8.691000000000000E+02   0.000000000000000E+00   0.000000000000000E+00   5.520000000000000E+01   6.970656000000000E+02
0.000000000000000E+00   1.548661676138036E-03   0.000000000000000E+00   1.548661676138036E-03   4.400000000000000E-02   8.691000000000000E+02   0.000000000000000E+00   0.000000000000000E+00   5.520000000000000E+01   6.970656000000000E+02
0.000000000000000E+00   1.550824611439904E-03   0.000000000000000E+00   1.550824611439904E-03   4.400000000000000E-02   8.691000000000000E+02   0.000000000000000E+00   0.000000000000000E+00   5.520000000000000E+01   6.970656000000000E+02
0.000000000000000E+00   1.552987546741773E-03   0.000000000000000E+00   1.552987546741773E-03   4.400000000000000E-02   8.691000000000000E+02   0.000000000000000E+00   0.000000000000000E+00   5.520000000000000E+01   6.970656000000000E+02
0.000000000000000E+00   1.555150482043642E-03   0.000000000000000E+00   1.555150482043642E-03   4.400000000000000E-02   8.691000000000000E+02   0.000000000000000E+00   0.000000000000000E+00   5.520000000000000E+01   6.970656000000000E+02
0.000000000000000E+00   1.557313417345511E-03   0.000000000000000E+00   1.557313417345511E-03   4.400000000000000E-02   8.691000000000000E+02   0.000000000000000E+00   0.000000000000000E+00   5.520000000000000E+01   6.970656000000000E+02
0.000000000000000E+00   1.559476352647379E-03   0.000000000000000E+00   1.559476352647379E-03   4.400000000000000E-02   8.691000000000000E+02   0.000000000000000E+00   0.000000000000000E+00   5.520000000000000E+01   6.970656000000000E+02
0.000000000000000E+00   1.561639287949248E-03   0.000000000000000E+00   1.561639287949248E-03   4.400000000000000E-02   8.691000000000000E+02   0.000000000000000E+00   0.000000000000000E+00   5.520000000000000E+01   6.970656000000000E+02
0.000000000000000E+00   1.563802223251117E-03   0.000000000000000E+00   1.563802223251117E-03   4.400000000000000E-02   8.691000000000000E+02   0.000000000000000E+00   0.000000000000000E+00   5.520000000000000E+01   6.970656000000000E+02
0.000000000000000E+00   1.565965158552986E-03   0.000000000000000E+00   1.565965158552986E-03   4.400000000000000E-02   8.691000000000000E+02   0.000000000000000E+00   0.000000000000000E+00   5.520000000000000E+01   6.970656000000000E+02
0.000000000000000E+00   1.568128093854854E-03   0.000000000000000E+00   1.568128093854854E-03   4.400000000000000E-02   8.691000000000000E+02   0.000000000000000E+00   0.000000000000000E+00   5.520000000000000E+01   6.970656000000000E+02
0.000000000000000E+00   1.570291029156723E-03   0.000000000000000E+00   1.570291029156723E-03   4.400000000000000E-02   8.691000000000000E+02   0.000000000000000E+00   0.000000000000000E+00   5.520000000000000E+01   6.970656000000000E+02
0.000000000000000E+00   1.572453964458592E-03   0.000000000000000E+00   1.572453964458592E-03   4.400000000000000E-02   8.691000000000000E+02   0.000000000000000E+00   0.000000000000000E+00   5.520000000000000E+01   6.970656000000000E+02
0.000000000000000E+00   1.574616899760461E-03   0.000000000000000E+00   1.574616899760461E-03   4.400000000000000E-02   8.691000000000000E+02   0.000000000000000E+00   0.000000000000000E+00   5.520000000000000E+01   6.970656000000000E+02
0.000000000000000E+00   1.576779835062330E-03   0.000000000000000E+00   1.576779835062330E-03   4.400000000000000E-02   8.691000000000000E+02   0.000000000000000E+00   0.000000000000000E+00   5.520000000000000E+01   6.970656000000000E+02
0.000000000000000E+00   1.578942770364198E-03   0.000000000000000E+00   1.578942770364198E-03   4.400000000000000E-02   8.691000000000000E+02   0.000000000000000E+00   0.000000000000000E+00   5.520000000000000E+01   6.970656000000000E+02
0.000000000000000E+00   1.581105705666067E-03   0.000000000000000E+00   1.581105705666067E-03   4.400000000000000E-02   8.691000000000000E+02   0.000000000000000E+00   0.000000000000000E+00   5.520000000000000E+01   6.970656000000000E+02
0.000000000000000E+00   1.583268640967936E-03   0.000000000000000E+00   1.583268640967936E-03   4.400000000000000E-02   8.691000000000000E+02   0.000000000000000E+00   0.000000000000000E+00   5.520000000000000E+01   6.970656000000000E+02
0.000000000000000E+00   1.585431576269805E-03   0.000000000000000E+00   1.585431576269805E-03   4.400000000000000E-02   8.691000000000000E+02   0.000000000000000E+00   0.000000000000000E+00   5.520000000000000E+01   6.970656000000000E+02
0.000000000000000E+00   1.587594511571673E-03   0.000000000000000E+00   1.587594511571673E-03   4.400000000000000E-02   8.691000000000000E+02   0.000000000000000E+00   0.000000000000000E+00   5.520000000000000E+01   6.970656000000000E+02
0.000000000000000E+00   1.589757446873542E-03   0.000000000000000E+00   1.589757446873542E-03   4.400000000000000E-02   8.691000000000000E+02   0.000000000000000E+00   0.000000000000000E+00   5.520000000000000E+01   6.970656000000000E+02
0.000000000000000E+00   1.591920382175411E-03   0.000000000000000E+00   1.591920382175411E-03   4.400000000000000E-02   8.691000000000000E+02   0.000000000000000E+00   0.000000000000000E+00   5.520000000000000E+01   6.970656000000000E+02
0.000000000000000E+00   1.594083317477280E-03   0.000000000000000E+00   1.594083317477280E-03   4.400000000000000E-02   8.691000000000000E+02   0.000000000000000E+00   0.000000000000000E+00   5.520000000000000E+01   6.970656000000000E+02
0.000000000000000E+00   1.596246252779148E-03   0.000000000000000E+00   1.596246252779148E-03   4.400000000000000E-02   8.691000000000000E+02   0.000000000000000E+00   0.000000000000000E+00   5.520000000000000E+01   6.970656000000000E+02
0.000000000000000E+00   1.598409188081017E-03   0.000000000000000E+00   1.598409188081017E-03   4.400000000000000E-02   8.691000000000000E+02   0.000000000000000E+00   0.000000000000000E+00   5.520000000000000E+01   6.970656000000000E+02
0.000000000000000E+00   1.600572123382886E-03   0.000000000000000E+00   1.600572123382886E-03   4.400000000000000E-02   8.691000000000000E+02   0.000000000000000E+00   0.000000000000000E+00   5.520000000000000E+01   6.970656000000000E+02
0.000000000000000E+00   1.602735058684755E-03   0.000000000000000E+00   1.602735058684755E-03   4.400000000000000E-02   8.691000000000000E+02   0.000000000000000E+00   0.000000000000000E+00   5.520000000000000E+01   6.970656000000000E+02
0.000000000000000E+00   1.604897993986624E-03   0.000000000000000E+00   1.604897993986624E-03   4.400000000000000E-02   8.691000000000000E+02   0.000000000000000E+00   0.000000000000000E+00   5.520000000000000E+01   6.970656000000000E+02
0.000000000000000E+00   1.607060929288492E-03   0.000000000000000E+00   1.607060929288492E-03   4.400000000000000E-02   8.691000000000000E+02   0.000000000000000E+00   0.000000000000000E+00   5.520000000000000E+01   6.970656000000000E+02
0.000000000000000E+00   1.609223864590361E-03   0.000000000000000E+00   1.609223864590361E-03   4.400000000000000E-02   8.691000000000000E+02   0.000000000000000E+00   0.000000000000000E+00   5.520000000000000E+01   6.970656000000000E+02
0.000000000000000E+00   1.611386799892230E-03   0.000000000000000E+00   1.611386799892230E-03   4.400000000000000E-02   8.691000000000000E+02   0.000000000000000E+00   0.000000000000000E+00   5.520000000000000E+01   6.970656000000000E+02
0.000000000000000E+00   1.613549735194099E-03   0.000000000000000E+00   1.613549735194099E-03   4.400000000000000E-02   8.691000000000000E+02   0.000000000000000E+00   0.000000000000000E+00   5.520000000000000E+01   6.970656000000000E+02
0.000000000000000E+00   1.615712670495967E-03   0.000000000000000E+00   1.615712670495967E-03   4.400000000000000E-02   8.691000000000000E+02   0.000000000000000E+00   0.000000000000000E+00   5.520000000000000E+01   6.970656000000000E+02
0.000000000000000E+00   1.617875605797836E-03   0.000000000000000E+00   1.617875605797836E-03   4.400000000000000E-02   8.691000000000000E+02   0.000000000000000E+00   0.000000000000000E+00   5.520000000000000E+01   6.970656000000000E+02
0.000000000000000E+00   1.620038541099705E-03   0.000000000000000E+00   1.620038541099705E-03   4.400000000000000E-02   8.691000000000000E+02   0.000000000000000E+00   0.000000000000000E+00   5.520000000000000E+01   6.970656000000000E+02
0.000000000000000E+00   1.622201476401574E-03   0.000000000000000E+00   1.622201476401574E-03   4.400000000000000E-02   8.691000000000000E+02   0.000000000000000E+00   0.000000000000000E+00   5.520000000000000E+01   6.970656000000000E+02
0.000000000000000E+00   1.624364411703442E-03   0.000000000000000E+00   1.624364411703442E-03   4.400000000000000E-02   8.691000000000000E+02   0.000000000000000E+00   0.000000000000000E+00   5.520000000000000E+01   6.970656000000000E+02
0.000000000000000E+00   1.626527347005311E-03   0.000000000000000E+00   1.626527347005311E-03   4.400000000000000E-02   8.691000000000000E+02   0.000000000000000E+00   0.000000000000000E+00   5.520000000000000E+01   6.970656000000000E+02
0.000000000000000E+00   1.628690282307180E-03   0.000000000000000E+00   1.628690282307180E-03   4.400000000000000E-02   8.691000000000000E+02   0.000000000000000E+00   0.000000000000000E+00   5.520000000000000E+01   6.970656000000000E+02
0.000000000000000E+00   1.630853217609049E-03   0.000000000000000E+00   1.630853217609049E-03   4.400000000000000E-02   8.691000000000000E+02   0.000000000000000E+00   0.000000000000000E+00   5.520000000000000E+01   6.970656000000000E+02
0.000000000000000E+00   1.633016152910917E-03   0.000000000000000E+00   1.633016152910917E-03   4.400000000000000E-02   8.691000000000000E+02   0.000000000000000E+00   0.000000000000000E+00   5.520000000000000E+01   6.970656000000000E+02
0.000000000000000E+00   1.635179088212786E-03   0.000000000000000E+00   1.635179088212786E-03   4.400000000000000E-02   8.691000000000000E+02   0.000000000000000E+00   0.000000000000000E+00   5.520000000000000E+01   6.970656000000000E+02
0.000000000000000E+00   1.637342023514655E-03   0.000000000000000E+00   1.637342023514655E-03   4.400000000000000E-02   8.691000000000000E+02   0.000000000000000E+00   0.000000000000000E+00   5.520000000000000E+01   6.970656000000000E+02
0.000000000000000E+00   1.639504958816524E-03   0.000000000000000E+00   1.639504958816524E-03   4.400000000000000E-02   8.691000000000000E+02   0.000000000000000E+00   0.000000000000000E+00   5.520000000000000E+01   6.970656000000000E+02
0.000000000000000E+00   1.641667894118392E-03   0.000000000000000E+00   1.641667894118392E-03   4.400000000000000E-02   8.691000000000000E+02   0.000000000000000E+00   0.000000000000000E+00   5.520000000000000E+01   6.970656000000000E+02
0.000000000000000E+00   1.643830829420261E-03   0.000000000000000E+00   1.643830829420261E-03   4.400000000000000E-02   8.691000000000000E+02   0.000000000000000E+00   0.000000000000000E+00   5.520000000000000E+01   6.970656000000000E+02
0.000000000000000E+00   1.645993764722130E-03   0.000000000000000E+00   1.645993764722130E-03   4.400000000000000E-02   8.691000000000000E+02   0.000000000000000E+00   0.000000000000000E+00   5.520000000000000E+01   6.970656000000000E+02
0.000000000000000E+00   1.648156700023999E-03   0.000000000000000E+00   1.648156700023999E-03   4.400000000000000E-02   8.691000000000000E+02   0.000000000000000E+00   0.000000000000000E+00   5.520000000000000E+01   6.970656000000000E+02
0.000000000000000E+00   1.650319635325868E-03   0.000000000000000E+00   1.650319635325868E-03   4.400000000000000E-02   8.691000000000000E+02   0.000000000000000E+00   0.000000000000000E+00   5.520000000000000E+01   6.970656000000000E+02
0.000000000000000E+00   1.652482570627736E-03   0.000000000000000E+00   1.652482570627736E-03   4.400000000000000E-02   8.691000000000000E+02   0.000000000000000E+00   0.000000000000000E+00   5.520000000000000E+01   6.970656000000000E+02
0.000000000000000E+00   1.654645505929605E-03   0.000000000000000E+00   1.654645505929605E-03   4.400000000000000E-02   8.691000000000000E+02   0.000000000000000E+00   0.000000000000000E+00   5.520000000000000E+01   6.970656000000000E+02
0.000000000000000E+00   1.656808441231474E-03   0.000000000000000E+00   1.656808441231474E-03   4.400000000000000E-02   8.691000000000000E+02   0.000000000000000E+00   0.000000000000000E+00   5.520000000000000E+01   6.970656000000000E+02
0.000000000000000E+00   1.658971376533343E-03   0.000000000000000E+00   1.658971376533343E-03   4.400000000000000E-02   8.691000000000000E+02   0.000000000000000E+00   0.000000000000000E+00   5.520000000000000E+01   6.970656000000000E+02
0.000000000000000E+00   1.661134311835212E-03   0.000000000000000E+00   1.661134311835212E-03   4.400000000000000E-02   8.691000000000000E+02   0.000000000000000E+00   0.000000000000000E+00   5.520000000000000E+01   6.970656000000000E+02
0.000000000000000E+00   1.663297247137080E-03   0.000000000000000E+00   1.663297247137080E-03   4.400000000000000E-02   8.691000000000000E+02   0.000000000000000E+00   0.000000000000000E+00   5.520000000000000E+01   6.970656000000000E+02
0.000000000000000E+00   1.665460182438949E-03   0.000000000000000E+00   1.665460182438949E-03   4.400000000000000E-02   8.691000000000000E+02   0.000000000000000E+00   0.000000000000000E+00   5.520000000000000E+01   6.970656000000000E+02
0.000000000000000E+00   1.667623117740818E-03   0.000000000000000E+00   1.667623117740818E-03   4.400000000000000E-02   8.691000000000000E+02   0.000000000000000E+00   0.000000000000000E+00   5.520000000000000E+01   6.970656000000000E+02
0.000000000000000E+00   1.669786053042686E-03   0.000000000000000E+00   1.669786053042686E-03   4.400000000000000E-02   8.691000000000000E+02   0.000000000000000E+00   0.000000000000000E+00   5.520000000000000E+01   6.970656000000000E+02
0.000000000000000E+00   1.671948988344555E-03   0.000000000000000E+00   1.671948988344555E-03   4.400000000000000E-02   8.691000000000000E+02   0.000000000000000E+00   0.000000000000000E+00   5.520000000000000E+01   6.970656000000000E+02
0.000000000000000E+00   1.674111923646424E-03   0.000000000000000E+00   1.674111923646424E-03   4.400000000000000E-02   8.691000000000000E+02   0.000000000000000E+00   0.000000000000000E+00   5.520000000000000E+01   6.970656000000000E+02
0.000000000000000E+00   1.676274858948293E-03   0.000000000000000E+00   1.676274858948293E-03   4.400000000000000E-02   8.691000000000000E+02   0.000000000000000E+00   0.000000000000000E+00   5.520000000000000E+01   6.970656000000000E+02
0.000000000000000E+00   1.678437794250162E-03   0.000000000000000E+00   1.678437794250162E-03   4.400000000000000E-02   8.691000000000000E+02   0.000000000000000E+00   0.000000000000000E+00   5.520000000000000E+01   6.970656000000000E+02
0.000000000000000E+00   1.680600729552030E-03   0.000000000000000E+00   1.680600729552030E-03   4.400000000000000E-02   8.691000000000000E+02   0.000000000000000E+00   0.000000000000000E+00   5.520000000000000E+01   6.970656000000000E+02
0.000000000000000E+00   1.682763664853899E-03   0.000000000000000E+00   1.682763664853899E-03   4.400000000000000E-02   8.691000000000000E+02   0.000000000000000E+00   0.000000000000000E+00   5.520000000000000E+01   6.970656000000000E+02
0.000000000000000E+00   1.684926600155768E-03   0.000000000000000E+00   1.684926600155768E-03   4.400000000000000E-02   8.691000000000000E+02   0.000000000000000E+00   0.000000000000000E+00   5.520000000000000E+01   6.970656000000000E+02
0.000000000000000E+00   1.687089535457637E-03   0.000000000000000E+00   1.687089535457637E-03   4.400000000000000E-02   8.691000000000000E+02   0.000000000000000E+00   0.000000000000000E+00   5.520000000000000E+01   6.970656000000000E+02
0.000000000000000E+00   1.689252470759505E-03   0.000000000000000E+00   1.689252470759505E-03   4.400000000000000E-02   8.691000000000000E+02   0.000000000000000E+00   0.000000000000000E+00   5.520000000000000E+01   6.970656000000000E+02
0.000000000000000E+00   1.691415406061374E-03   0.000000000000000E+00   1.691415406061374E-03   4.400000000000000E-02   8.691000000000000E+02   0.000000000000000E+00   0.000000000000000E+00   5.520000000000000E+01   6.970656000000000E+02
0.000000000000000E+00   1.693578341363243E-03   0.000000000000000E+00   1.693578341363243E-03   4.400000000000000E-02   8.691000000000000E+02   0.000000000000000E+00   0.000000000000000E+00   5.520000000000000E+01   6.970656000000000E+02
0.000000000000000E+00   1.695741276665112E-03   0.000000000000000E+00   1.695741276665112E-03   4.400000000000000E-02   8.691000000000000E+02   0.000000000000000E+00   0.000000000000000E+00   5.520000000000000E+01   6.970656000000000E+02
0.000000000000000E+00   1.697904211966981E-03   0.000000000000000E+00   1.697904211966981E-03   4.400000000000000E-02   8.691000000000000E+02   0.000000000000000E+00   0.000000000000000E+00   5.520000000000000E+01   6.970656000000000E+02
0.000000000000000E+00   1.700067147268849E-03   0.000000000000000E+00   1.700067147268849E-03   4.400000000000000E-02   8.691000000000000E+02   0.000000000000000E+00   0.000000000000000E+00   5.520000000000000E+01   6.970656000000000E+02
0.000000000000000E+00   1.702230082570718E-03   0.000000000000000E+00   1.702230082570718E-03   4.400000000000000E-02   8.691000000000000E+02   0.000000000000000E+00   0.000000000000000E+00   5.520000000000000E+01   6.970656000000000E+02
0.000000000000000E+00   1.704393017872587E-03   0.000000000000000E+00   1.704393017872587E-03   4.400000000000000E-02   8.691000000000000E+02   0.000000000000000E+00   0.000000000000000E+00   5.520000000000000E+01   6.970656000000000E+02
0.000000000000000E+00   1.706555953174455E-03   0.000000000000000E+00   1.706555953174455E-03   4.400000000000000E-02   8.691000000000000E+02   0.000000000000000E+00   0.000000000000000E+00   5.520000000000000E+01   6.970656000000000E+02
0.000000000000000E+00   1.708718888476324E-03   0.000000000000000E+00   1.708718888476324E-03   4.400000000000000E-02   8.691000000000000E+02   0.000000000000000E+00   0.000000000000000E+00   5.520000000000000E+01   6.970656000000000E+02
0.000000000000000E+00   1.710881823778193E-03   0.000000000000000E+00   1.710881823778193E-03   4.400000000000000E-02   8.691000000000000E+02   0.000000000000000E+00   0.000000000000000E+00   5.520000000000000E+01   6.970656000000000E+02
0.000000000000000E+00   1.713044759080062E-03   0.000000000000000E+00   1.713044759080062E-03   4.400000000000000E-02   8.691000000000000E+02   0.000000000000000E+00   0.000000000000000E+00   5.520000000000000E+01   6.970656000000000E+02
0.000000000000000E+00   1.715207694381930E-03   0.000000000000000E+00   1.715207694381930E-03   4.400000000000000E-02   8.691000000000000E+02   0.000000000000000E+00   0.000000000000000E+00   5.520000000000000E+01   6.970656000000000E+02
0.000000000000000E+00   1.717370629683799E-03   0.000000000000000E+00   1.717370629683799E-03   4.400000000000000E-02   8.691000000000000E+02   0.000000000000000E+00   0.000000000000000E+00   5.520000000000000E+01   6.970656000000000E+02
0.000000000000000E+00   1.719533564985668E-03   0.000000000000000E+00   1.719533564985668E-03   4.400000000000000E-02   8.691000000000000E+02   0.000000000000000E+00   0.000000000000000E+00   5.520000000000000E+01   6.970656000000000E+02
0.000000000000000E+00   1.721696500287537E-03   0.000000000000000E+00   1.721696500287537E-03   4.400000000000000E-02   8.691000000000000E+02   0.000000000000000E+00   0.000000000000000E+00   5.520000000000000E+01   6.970656000000000E+02
0.000000000000000E+00   1.723859435589406E-03   0.000000000000000E+00   1.723859435589406E-03   4.400000000000000E-02   8.691000000000000E+02   0.000000000000000E+00   0.000000000000000E+00   5.520000000000000E+01   6.970656000000000E+02
0.000000000000000E+00   1.726022370891275E-03   0.000000000000000E+00   1.726022370891275E-03   4.400000000000000E-02   8.691000000000000E+02   0.000000000000000E+00   0.000000000000000E+00   5.520000000000000E+01   6.970656000000000E+02
0.000000000000000E+00   1.728185306193143E-03   0.000000000000000E+00   1.728185306193143E-03   4.400000000000000E-02   8.691000000000000E+02   0.000000000000000E+00   0.000000000000000E+00   5.520000000000000E+01   6.970656000000000E+02
0.000000000000000E+00   1.730348241495012E-03   0.000000000000000E+00   1.730348241495012E-03   4.400000000000000E-02   8.691000000000000E+02   0.000000000000000E+00   0.000000000000000E+00   5.520000000000000E+01   6.970656000000000E+02
0.000000000000000E+00   1.732511176796881E-03   0.000000000000000E+00   1.732511176796881E-03   4.400000000000000E-02   8.691000000000000E+02   0.000000000000000E+00   0.000000000000000E+00   5.520000000000000E+01   6.970656000000000E+02
0.000000000000000E+00   1.734674112098750E-03   0.000000000000000E+00   1.734674112098750E-03   4.400000000000000E-02   8.691000000000000E+02   0.000000000000000E+00   0.000000000000000E+00   5.520000000000000E+01   6.970656000000000E+02
0.000000000000000E+00   1.736837047400618E-03   0.000000000000000E+00   1.736837047400618E-03   4.400000000000000E-02   8.691000000000000E+02   0.000000000000000E+00   0.000000000000000E+00   5.520000000000000E+01   6.970656000000000E+02
0.000000000000000E+00   1.738999982702487E-03   0.000000000000000E+00   1.738999982702487E-03   4.400000000000000E-02   8.691000000000000E+02   0.000000000000000E+00   0.000000000000000E+00   5.520000000000000E+01   6.970656000000000E+02
0.000000000000000E+00   1.741162918004356E-03   0.000000000000000E+00   1.741162918004356E-03   4.400000000000000E-02   8.691000000000000E+02   0.000000000000000E+00   0.000000000000000E+00   5.520000000000000E+01   6.970656000000000E+02
0.000000000000000E+00   1.743325853306225E-03   0.000000000000000E+00   1.743325853306225E-03   4.400000000000000E-02   8.691000000000000E+02   0.000000000000000E+00   0.000000000000000E+00   5.520000000000000E+01   6.970656000000000E+02
0.000000000000000E+00   1.745488788608093E-03   0.000000000000000E+00   1.745488788608093E-03   4.400000000000000E-02   8.691000000000000E+02   0.000000000000000E+00   0.000000000000000E+00   5.520000000000000E+01   6.970656000000000E+02
0.000000000000000E+00   1.747651723909962E-03   0.000000000000000E+00   1.747651723909962E-03   4.400000000000000E-02   8.691000000000000E+02   0.000000000000000E+00   0.000000000000000E+00   5.520000000000000E+01   6.970656000000000E+02
0.000000000000000E+00   1.749814659211831E-03   0.000000000000000E+00   1.749814659211831E-03   4.400000000000000E-02   8.691000000000000E+02   0.000000000000000E+00   0.000000000000000E+00   5.520000000000000E+01   6.970656000000000E+02
0.000000000000000E+00   1.751977594513700E-03   0.000000000000000E+00   1.751977594513700E-03   4.400000000000000E-02   8.691000000000000E+02   0.000000000000000E+00   0.000000000000000E+00   5.520000000000000E+01   6.970656000000000E+02
0.000000000000000E+00   1.754140529815568E-03   0.000000000000000E+00   1.754140529815568E-03   4.400000000000000E-02   8.691000000000000E+02   0.000000000000000E+00   0.000000000000000E+00   5.520000000000000E+01   6.970656000000000E+02
0.000000000000000E+00   1.756303465117437E-03   0.000000000000000E+00   1.756303465117437E-03   4.400000000000000E-02   8.691000000000000E+02   0.000000000000000E+00   0.000000000000000E+00   5.520000000000000E+01   6.970656000000000E+02
0.000000000000000E+00   1.758466400419306E-03   0.000000000000000E+00   1.758466400419306E-03   4.400000000000000E-02   8.691000000000000E+02   0.000000000000000E+00   0.000000000000000E+00   5.520000000000000E+01   6.970656000000000E+02
0.000000000000000E+00   1.760629335721175E-03   0.000000000000000E+00   1.760629335721175E-03   4.400000000000000E-02   8.691000000000000E+02   0.000000000000000E+00   0.000000000000000E+00   5.520000000000000E+01   6.970656000000000E+02
0.000000000000000E+00   1.762792271023043E-03   0.000000000000000E+00   1.762792271023043E-03   4.400000000000000E-02   8.691000000000000E+02   0.000000000000000E+00   0.000000000000000E+00   5.520000000000000E+01   6.970656000000000E+02
0.000000000000000E+00   1.764955206324912E-03   0.000000000000000E+00   1.764955206324912E-03   4.400000000000000E-02   8.691000000000000E+02   0.000000000000000E+00   0.000000000000000E+00   5.520000000000000E+01   6.970656000000000E+02
0.000000000000000E+00   1.767118141626781E-03   0.000000000000000E+00   1.767118141626781E-03   4.400000000000000E-02   8.691000000000000E+02   0.000000000000000E+00   0.000000000000000E+00   5.520000000000000E+01   6.970656000000000E+02
0.000000000000000E+00   1.769281076928650E-03   0.000000000000000E+00   1.769281076928650E-03   4.400000000000000E-02   8.691000000000000E+02   0.000000000000000E+00   0.000000000000000E+00   5.520000000000000E+01   6.970656000000000E+02
0.000000000000000E+00   1.771444012230519E-03   0.000000000000000E+00   1.771444012230519E-03   4.400000000000000E-02   8.691000000000000E+02   0.000000000000000E+00   0.000000000000000E+00   5.520000000000000E+01   6.970656000000000E+02
0.000000000000000E+00   1.773606947532387E-03   0.000000000000000E+00   1.773606947532387E-03   4.400000000000000E-02   8.691000000000000E+02   0.000000000000000E+00   0.000000000000000E+00   5.520000000000000E+01   6.970656000000000E+02
0.000000000000000E+00   1.775769882834256E-03   0.000000000000000E+00   1.775769882834256E-03   4.400000000000000E-02   8.691000000000000E+02   0.000000000000000E+00   0.000000000000000E+00   5.520000000000000E+01   6.970656000000000E+02
0.000000000000000E+00   1.777932818136124E-03   0.000000000000000E+00   1.777932818136124E-03   4.400000000000000E-02   8.691000000000000E+02   0.000000000000000E+00   0.000000000000000E+00   5.520000000000000E+01   6.970656000000000E+02
0.000000000000000E+00   1.780095753437993E-03   0.000000000000000E+00   1.780095753437993E-03   4.400000000000000E-02   8.691000000000000E+02   0.000000000000000E+00   0.000000000000000E+00   5.520000000000000E+01   6.970656000000000E+02
0.000000000000000E+00   1.782258688739862E-03   0.000000000000000E+00   1.782258688739862E-03   4.400000000000000E-02   8.691000000000000E+02   0.000000000000000E+00   0.000000000000000E+00   5.520000000000000E+01   6.970656000000000E+02
0.000000000000000E+00   1.784421624041731E-03   0.000000000000000E+00   1.784421624041731E-03   4.400000000000000E-02   8.691000000000000E+02   0.000000000000000E+00   0.000000000000000E+00   5.520000000000000E+01   6.970656000000000E+02
0.000000000000000E+00   1.786584559343600E-03   0.000000000000000E+00   1.786584559343600E-03   4.400000000000000E-02   8.691000000000000E+02   0.000000000000000E+00   0.000000000000000E+00   5.520000000000000E+01   6.970656000000000E+02
0.000000000000000E+00   1.788747494645468E-03   0.000000000000000E+00   1.788747494645468E-03   4.400000000000000E-02   8.691000000000000E+02   0.000000000000000E+00   0.000000000000000E+00   5.520000000000000E+01   6.970656000000000E+02
0.000000000000000E+00   1.790910429947337E-03   0.000000000000000E+00   1.790910429947337E-03   4.400000000000000E-02   8.691000000000000E+02   0.000000000000000E+00   0.000000000000000E+00   5.520000000000000E+01   6.970656000000000E+02
0.000000000000000E+00   1.793073365249206E-03   0.000000000000000E+00   1.793073365249206E-03   4.400000000000000E-02   8.691000000000000E+02   0.000000000000000E+00   0.000000000000000E+00   5.520000000000000E+01   6.970656000000000E+02
0.000000000000000E+00   1.795236300551075E-03   0.000000000000000E+00   1.795236300551075E-03   4.400000000000000E-02   8.691000000000000E+02   0.000000000000000E+00   0.000000000000000E+00   5.520000000000000E+01   6.970656000000000E+02
0.000000000000000E+00   1.797399235852943E-03   0.000000000000000E+00   1.797399235852943E-03   4.400000000000000E-02   8.691000000000000E+02   0.000000000000000E+00   0.000000000000000E+00   5.520000000000000E+01   6.970656000000000E+02
0.000000000000000E+00   1.799562171154812E-03   0.000000000000000E+00   1.799562171154812E-03   4.400000000000000E-02   8.691000000000000E+02   0.000000000000000E+00   0.000000000000000E+00   5.520000000000000E+01   6.970656000000000E+02
0.000000000000000E+00   1.801725106456681E-03   0.000000000000000E+00   1.801725106456681E-03   4.400000000000000E-02   8.691000000000000E+02   0.000000000000000E+00   0.000000000000000E+00   5.520000000000000E+01   6.970656000000000E+02
0.000000000000000E+00   1.803888041758550E-03   0.000000000000000E+00   1.803888041758550E-03   4.400000000000000E-02   8.691000000000000E+02   0.000000000000000E+00   0.000000000000000E+00   5.520000000000000E+01   6.970656000000000E+02
0.000000000000000E+00   1.806050977060419E-03   0.000000000000000E+00   1.806050977060419E-03   4.400000000000000E-02   8.691000000000000E+02   0.000000000000000E+00   0.000000000000000E+00   5.520000000000000E+01   6.970656000000000E+02
0.000000000000000E+00   1.808213912362287E-03   0.000000000000000E+00   1.808213912362287E-03   4.400000000000000E-02   8.691000000000000E+02   0.000000000000000E+00   0.000000000000000E+00   5.520000000000000E+01   6.970656000000000E+02
0.000000000000000E+00   1.810376847664156E-03   0.000000000000000E+00   1.810376847664156E-03   4.400000000000000E-02   8.691000000000000E+02   0.000000000000000E+00   0.000000000000000E+00   5.520000000000000E+01   6.970656000000000E+02
0.000000000000000E+00   1.812539782966025E-03   0.000000000000000E+00   1.812539782966025E-03   4.400000000000000E-02   8.691000000000000E+02   0.000000000000000E+00   0.000000000000000E+00   5.520000000000000E+01   6.970656000000000E+02
0.000000000000000E+00   1.814702718267894E-03   0.000000000000000E+00   1.814702718267894E-03   4.400000000000000E-02   8.691000000000000E+02   0.000000000000000E+00   0.000000000000000E+00   5.520000000000000E+01   6.970656000000000E+02
0.000000000000000E+00   1.816865653569762E-03   0.000000000000000E+00   1.816865653569762E-03   4.400000000000000E-02   8.691000000000000E+02   0.000000000000000E+00   0.000000000000000E+00   5.520000000000000E+01   6.970656000000000E+02
0.000000000000000E+00   1.819028588871631E-03   0.000000000000000E+00   1.819028588871631E-03   4.400000000000000E-02   8.691000000000000E+02   0.000000000000000E+00   0.000000000000000E+00   5.520000000000000E+01   6.970656000000000E+02
0.000000000000000E+00   1.821191524173500E-03   0.000000000000000E+00   1.821191524173500E-03   4.400000000000000E-02   8.691000000000000E+02   0.000000000000000E+00   0.000000000000000E+00   5.520000000000000E+01   6.970656000000000E+02
0.000000000000000E+00   1.823354459475369E-03   0.000000000000000E+00   1.823354459475369E-03   4.400000000000000E-02   8.691000000000000E+02   0.000000000000000E+00   0.000000000000000E+00   5.520000000000000E+01   6.970656000000000E+02
0.000000000000000E+00   1.825517394777237E-03   0.000000000000000E+00   1.825517394777237E-03   4.400000000000000E-02   8.691000000000000E+02   0.000000000000000E+00   0.000000000000000E+00   5.520000000000000E+01   6.970656000000000E+02
0.000000000000000E+00   1.827680330079106E-03   0.000000000000000E+00   1.827680330079106E-03   4.400000000000000E-02   8.691000000000000E+02   0.000000000000000E+00   0.000000000000000E+00   5.520000000000000E+01   6.970656000000000E+02
0.000000000000000E+00   1.829843265380975E-03   0.000000000000000E+00   1.829843265380975E-03   4.400000000000000E-02   8.691000000000000E+02   0.000000000000000E+00   0.000000000000000E+00   5.520000000000000E+01   6.970656000000000E+02
0.000000000000000E+00   1.832006200682844E-03   0.000000000000000E+00   1.832006200682844E-03   4.400000000000000E-02   8.691000000000000E+02   0.000000000000000E+00   0.000000000000000E+00   5.520000000000000E+01   6.970656000000000E+02
0.000000000000000E+00   1.834169135984712E-03   0.000000000000000E+00   1.834169135984712E-03   4.400000000000000E-02   8.691000000000000E+02   0.000000000000000E+00   0.000000000000000E+00   5.520000000000000E+01   6.970656000000000E+02
0.000000000000000E+00   1.836332071286581E-03   0.000000000000000E+00   1.836332071286581E-03   4.400000000000000E-02   8.691000000000000E+02   0.000000000000000E+00   0.000000000000000E+00   5.520000000000000E+01   6.970656000000000E+02
0.000000000000000E+00   1.838495006588450E-03   0.000000000000000E+00   1.838495006588450E-03   4.400000000000000E-02   8.691000000000000E+02   0.000000000000000E+00   0.000000000000000E+00   5.520000000000000E+01   6.970656000000000E+02
0.000000000000000E+00   1.840657941890319E-03   0.000000000000000E+00   1.840657941890319E-03   4.400000000000000E-02   8.691000000000000E+02   0.000000000000000E+00   0.000000000000000E+00   5.520000000000000E+01   6.970656000000000E+02
0.000000000000000E+00   1.842820877192188E-03   0.000000000000000E+00   1.842820877192188E-03   4.400000000000000E-02   8.691000000000000E+02   0.000000000000000E+00   0.000000000000000E+00   5.520000000000000E+01   6.970656000000000E+02
0.000000000000000E+00   1.844983812494056E-03   0.000000000000000E+00   1.844983812494056E-03   4.400000000000000E-02   8.691000000000000E+02   0.000000000000000E+00   0.000000000000000E+00   5.520000000000000E+01   6.970656000000000E+02
0.000000000000000E+00   1.847146747795925E-03   0.000000000000000E+00   1.847146747795925E-03   4.400000000000000E-02   8.691000000000000E+02   0.000000000000000E+00   0.000000000000000E+00   5.520000000000000E+01   6.970656000000000E+02
0.000000000000000E+00   1.849309683097794E-03   0.000000000000000E+00   1.849309683097794E-03   4.400000000000000E-02   8.691000000000000E+02   0.000000000000000E+00   0.000000000000000E+00   5.520000000000000E+01   6.970656000000000E+02
0.000000000000000E+00   1.851472618399663E-03   0.000000000000000E+00   1.851472618399663E-03   4.400000000000000E-02   8.691000000000000E+02   0.000000000000000E+00   0.000000000000000E+00   5.520000000000000E+01   6.970656000000000E+02
0.000000000000000E+00   1.853635553701531E-03   0.000000000000000E+00   1.853635553701531E-03   4.400000000000000E-02   8.691000000000000E+02   0.000000000000000E+00   0.000000000000000E+00   5.520000000000000E+01   6.970656000000000E+02
0.000000000000000E+00   1.855798489003400E-03   0.000000000000000E+00   1.855798489003400E-03   4.400000000000000E-02   8.691000000000000E+02   0.000000000000000E+00   0.000000000000000E+00   5.520000000000000E+01   6.970656000000000E+02
0.000000000000000E+00   1.857961424305269E-03   0.000000000000000E+00   1.857961424305269E-03   4.400000000000000E-02   8.691000000000000E+02   0.000000000000000E+00   0.000000000000000E+00   5.520000000000000E+01   6.970656000000000E+02
0.000000000000000E+00   1.860124359607138E-03   0.000000000000000E+00   1.860124359607138E-03   4.400000000000000E-02   8.691000000000000E+02   0.000000000000000E+00   0.000000000000000E+00   5.520000000000000E+01   6.970656000000000E+02
0.000000000000000E+00   1.862287294909007E-03   0.000000000000000E+00   1.862287294909007E-03   4.400000000000000E-02   8.691000000000000E+02   0.000000000000000E+00   0.000000000000000E+00   5.520000000000000E+01   6.970656000000000E+02
0.000000000000000E+00   1.864450230210875E-03   0.000000000000000E+00   1.864450230210875E-03   4.400000000000000E-02   8.691000000000000E+02   0.000000000000000E+00   0.000000000000000E+00   5.520000000000000E+01   6.970656000000000E+02
0.000000000000000E+00   1.866613165512744E-03   0.000000000000000E+00   1.866613165512744E-03   4.400000000000000E-02   8.691000000000000E+02   0.000000000000000E+00   0.000000000000000E+00   5.520000000000000E+01   6.970656000000000E+02
0.000000000000000E+00   1.868776100814613E-03   0.000000000000000E+00   1.868776100814613E-03   4.400000000000000E-02   8.691000000000000E+02   0.000000000000000E+00   0.000000000000000E+00   5.520000000000000E+01   6.970656000000000E+02
0.000000000000000E+00   1.870939036116482E-03   0.000000000000000E+00   1.870939036116482E-03   4.400000000000000E-02   8.691000000000000E+02   0.000000000000000E+00   0.000000000000000E+00   5.520000000000000E+01   6.970656000000000E+02
0.000000000000000E+00   1.873101971418351E-03   0.000000000000000E+00   1.873101971418351E-03   4.400000000000000E-02   8.691000000000000E+02   0.000000000000000E+00   0.000000000000000E+00   5.520000000000000E+01   6.970656000000000E+02
0.000000000000000E+00   1.875264906720219E-03   0.000000000000000E+00   1.875264906720219E-03   4.400000000000000E-02   8.691000000000000E+02   0.000000000000000E+00   0.000000000000000E+00   5.520000000000000E+01   6.970656000000000E+02
0.000000000000000E+00   1.877427842022088E-03   0.000000000000000E+00   1.877427842022088E-03   4.400000000000000E-02   8.691000000000000E+02   0.000000000000000E+00   0.000000000000000E+00   5.520000000000000E+01   6.970656000000000E+02
0.000000000000000E+00   1.879590777323957E-03   0.000000000000000E+00   1.879590777323957E-03   4.400000000000000E-02   8.691000000000000E+02   0.000000000000000E+00   0.000000000000000E+00   5.520000000000000E+01   6.970656000000000E+02
0.000000000000000E+00   1.881753712625826E-03   0.000000000000000E+00   1.881753712625826E-03   4.400000000000000E-02   8.691000000000000E+02   0.000000000000000E+00   0.000000000000000E+00   5.520000000000000E+01   6.970656000000000E+02
0.000000000000000E+00   1.883916647927694E-03   0.000000000000000E+00   1.883916647927694E-03   4.400000000000000E-02   8.691000000000000E+02   0.000000000000000E+00   0.000000000000000E+00   5.520000000000000E+01   6.970656000000000E+02
0.000000000000000E+00   1.886079583229563E-03   0.000000000000000E+00   1.886079583229563E-03   4.400000000000000E-02   8.691000000000000E+02   0.000000000000000E+00   0.000000000000000E+00   5.520000000000000E+01   6.970656000000000E+02
0.000000000000000E+00   1.888242518531432E-03   0.000000000000000E+00   1.888242518531432E-03   4.400000000000000E-02   8.691000000000000E+02   0.000000000000000E+00   0.000000000000000E+00   5.520000000000000E+01   6.970656000000000E+02
0.000000000000000E+00   1.890405453833300E-03   0.000000000000000E+00   1.890405453833300E-03   4.400000000000000E-02   8.691000000000000E+02   0.000000000000000E+00   0.000000000000000E+00   5.520000000000000E+01   6.970656000000000E+02
0.000000000000000E+00   1.892568389135169E-03   0.000000000000000E+00   1.892568389135169E-03   4.400000000000000E-02   8.691000000000000E+02   0.000000000000000E+00   0.000000000000000E+00   5.520000000000000E+01   6.970656000000000E+02
0.000000000000000E+00   1.894731324437038E-03   0.000000000000000E+00   1.894731324437038E-03   4.400000000000000E-02   8.691000000000000E+02   0.000000000000000E+00   0.000000000000000E+00   5.520000000000000E+01   6.970656000000000E+02
0.000000000000000E+00   1.896894259738907E-03   0.000000000000000E+00   1.896894259738907E-03   4.400000000000000E-02   8.691000000000000E+02   0.000000000000000E+00   0.000000000000000E+00   5.520000000000000E+01   6.970656000000000E+02
0.000000000000000E+00   1.899057195040775E-03   0.000000000000000E+00   1.899057195040775E-03   4.400000000000000E-02   8.691000000000000E+02   0.000000000000000E+00   0.000000000000000E+00   5.520000000000000E+01   6.970656000000000E+02
0.000000000000000E+00   1.901220130342644E-03   0.000000000000000E+00   1.901220130342644E-03   4.400000000000000E-02   8.691000000000000E+02   0.000000000000000E+00   0.000000000000000E+00   5.520000000000000E+01   6.970656000000000E+02
0.000000000000000E+00   1.903383065644513E-03   0.000000000000000E+00   1.903383065644513E-03   4.400000000000000E-02   8.691000000000000E+02   0.000000000000000E+00   0.000000000000000E+00   5.520000000000000E+01   6.970656000000000E+02
0.000000000000000E+00   1.905546000946382E-03   0.000000000000000E+00   1.905546000946382E-03   4.400000000000000E-02   8.691000000000000E+02   0.000000000000000E+00   0.000000000000000E+00   5.520000000000000E+01   6.970656000000000E+02
0.000000000000000E+00   1.907708936248251E-03   0.000000000000000E+00   1.907708936248251E-03   4.400000000000000E-02   8.691000000000000E+02   0.000000000000000E+00   0.000000000000000E+00   5.520000000000000E+01   6.970656000000000E+02
0.000000000000000E+00   1.909871871550119E-03   0.000000000000000E+00   1.909871871550119E-03   4.400000000000000E-02   8.691000000000000E+02   0.000000000000000E+00   0.000000000000000E+00   5.520000000000000E+01   6.970656000000000E+02
0.000000000000000E+00   1.912034806851988E-03   0.000000000000000E+00   1.912034806851988E-03   4.400000000000000E-02   8.691000000000000E+02   0.000000000000000E+00   0.000000000000000E+00   5.520000000000000E+01   6.970656000000000E+02
0.000000000000000E+00   1.914197742153857E-03   0.000000000000000E+00   1.914197742153857E-03   4.400000000000000E-02   8.691000000000000E+02   0.000000000000000E+00   0.000000000000000E+00   5.520000000000000E+01   6.970656000000000E+02
0.000000000000000E+00   1.916360677455726E-03   0.000000000000000E+00   1.916360677455726E-03   4.400000000000000E-02   8.691000000000000E+02   0.000000000000000E+00   0.000000000000000E+00   5.520000000000000E+01   6.970656000000000E+02
0.000000000000000E+00   1.918523612757594E-03   0.000000000000000E+00   1.918523612757594E-03   4.400000000000000E-02   8.691000000000000E+02   0.000000000000000E+00   0.000000000000000E+00   5.520000000000000E+01   6.970656000000000E+02
0.000000000000000E+00   1.920686548059463E-03   0.000000000000000E+00   1.920686548059463E-03   4.400000000000000E-02   8.691000000000000E+02   0.000000000000000E+00   0.000000000000000E+00   5.520000000000000E+01   6.970656000000000E+02
0.000000000000000E+00   1.922849483361332E-03   0.000000000000000E+00   1.922849483361332E-03   4.400000000000000E-02   8.691000000000000E+02   0.000000000000000E+00   0.000000000000000E+00   5.520000000000000E+01   6.970656000000000E+02
0.000000000000000E+00   1.925012418663201E-03   0.000000000000000E+00   1.925012418663201E-03   4.400000000000000E-02   8.691000000000000E+02   0.000000000000000E+00   0.000000000000000E+00   5.520000000000000E+01   6.970656000000000E+02
0.000000000000000E+00   1.927175353965069E-03   0.000000000000000E+00   1.927175353965069E-03   4.400000000000000E-02   8.691000000000000E+02   0.000000000000000E+00   0.000000000000000E+00   5.520000000000000E+01   6.970656000000000E+02
0.000000000000000E+00   1.929338289266938E-03   0.000000000000000E+00   1.929338289266938E-03   4.400000000000000E-02   8.691000000000000E+02   0.000000000000000E+00   0.000000000000000E+00   5.520000000000000E+01   6.970656000000000E+02
0.000000000000000E+00   1.931501224568807E-03   0.000000000000000E+00   1.931501224568807E-03   4.400000000000000E-02   8.691000000000000E+02   0.000000000000000E+00   0.000000000000000E+00   5.520000000000000E+01   6.970656000000000E+02
0.000000000000000E+00   1.933664159870676E-03   0.000000000000000E+00   1.933664159870676E-03   4.400000000000000E-02   8.691000000000000E+02   0.000000000000000E+00   0.000000000000000E+00   5.520000000000000E+01   6.970656000000000E+02
0.000000000000000E+00   1.935827095172545E-03   0.000000000000000E+00   1.935827095172545E-03   4.400000000000000E-02   8.691000000000000E+02   0.000000000000000E+00   0.000000000000000E+00   5.520000000000000E+01   6.970656000000000E+02
0.000000000000000E+00   1.937990030474413E-03   0.000000000000000E+00   1.937990030474413E-03   4.400000000000000E-02   8.691000000000000E+02   0.000000000000000E+00   0.000000000000000E+00   5.520000000000000E+01   6.970656000000000E+02
0.000000000000000E+00   1.940152965776282E-03   0.000000000000000E+00   1.940152965776282E-03   4.400000000000000E-02   8.691000000000000E+02   0.000000000000000E+00   0.000000000000000E+00   5.520000000000000E+01   6.970656000000000E+02
0.000000000000000E+00   1.942315901078151E-03   0.000000000000000E+00   1.942315901078151E-03   4.400000000000000E-02   8.691000000000000E+02   0.000000000000000E+00   0.000000000000000E+00   5.520000000000000E+01   6.970656000000000E+02
0.000000000000000E+00   1.944478836380020E-03   0.000000000000000E+00   1.944478836380020E-03   4.400000000000000E-02   8.691000000000000E+02   0.000000000000000E+00   0.000000000000000E+00   5.520000000000000E+01   6.970656000000000E+02
0.000000000000000E+00   1.946641771681889E-03   0.000000000000000E+00   1.946641771681889E-03   4.400000000000000E-02   8.691000000000000E+02   0.000000000000000E+00   0.000000000000000E+00   5.520000000000000E+01   6.970656000000000E+02
0.000000000000000E+00   1.948804706983757E-03   0.000000000000000E+00   1.948804706983757E-03   4.400000000000000E-02   8.691000000000000E+02   0.000000000000000E+00   0.000000000000000E+00   5.520000000000000E+01   6.970656000000000E+02
0.000000000000000E+00   1.950967642285626E-03   0.000000000000000E+00   1.950967642285626E-03   4.400000000000000E-02   8.691000000000000E+02   0.000000000000000E+00   0.000000000000000E+00   5.520000000000000E+01   6.970656000000000E+02
0.000000000000000E+00   1.953130577587495E-03   0.000000000000000E+00   1.953130577587495E-03   4.400000000000000E-02   8.691000000000000E+02   0.000000000000000E+00   0.000000000000000E+00   5.520000000000000E+01   6.970656000000000E+02
0.000000000000000E+00   1.955293512889364E-03   0.000000000000000E+00   1.955293512889364E-03   4.400000000000000E-02   8.691000000000000E+02   0.000000000000000E+00   0.000000000000000E+00   5.520000000000000E+01   6.970656000000000E+02
0.000000000000000E+00   1.957456448191233E-03   0.000000000000000E+00   1.957456448191233E-03   4.400000000000000E-02   8.691000000000000E+02   0.000000000000000E+00   0.000000000000000E+00   5.520000000000000E+01   6.970656000000000E+02
0.000000000000000E+00   1.959619383493101E-03   0.000000000000000E+00   1.959619383493101E-03   4.400000000000000E-02   8.691000000000000E+02   0.000000000000000E+00   0.000000000000000E+00   5.520000000000000E+01   6.970656000000000E+02
0.000000000000000E+00   1.961782318794970E-03   0.000000000000000E+00   1.961782318794970E-03   4.400000000000000E-02   8.691000000000000E+02   0.000000000000000E+00   0.000000000000000E+00   5.520000000000000E+01   6.970656000000000E+02
0.000000000000000E+00   1.963945254096839E-03   0.000000000000000E+00   1.963945254096839E-03   4.400000000000000E-02   8.691000000000000E+02   0.000000000000000E+00   0.000000000000000E+00   5.520000000000000E+01   6.970656000000000E+02
0.000000000000000E+00   1.966108189398707E-03   0.000000000000000E+00   1.966108189398707E-03   4.400000000000000E-02   8.691000000000000E+02   0.000000000000000E+00   0.000000000000000E+00   5.520000000000000E+01   6.970656000000000E+02
0.000000000000000E+00   1.968271124700576E-03   0.000000000000000E+00   1.968271124700576E-03   4.400000000000000E-02   8.691000000000000E+02   0.000000000000000E+00   0.000000000000000E+00   5.520000000000000E+01   6.970656000000000E+02
0.000000000000000E+00   1.970434060002444E-03   0.000000000000000E+00   1.970434060002444E-03   4.400000000000000E-02   8.691000000000000E+02   0.000000000000000E+00   0.000000000000000E+00   5.520000000000000E+01   6.970656000000000E+02
0.000000000000000E+00   1.972596995304313E-03   0.000000000000000E+00   1.972596995304313E-03   4.400000000000000E-02   8.691000000000000E+02   0.000000000000000E+00   0.000000000000000E+00   5.520000000000000E+01   6.970656000000000E+02
0.000000000000000E+00   1.974759930606182E-03   0.000000000000000E+00   1.974759930606182E-03   4.400000000000000E-02   8.691000000000000E+02   0.000000000000000E+00   0.000000000000000E+00   5.520000000000000E+01   6.970656000000000E+02
0.000000000000000E+00   1.976922865908051E-03   0.000000000000000E+00   1.976922865908051E-03   4.400000000000000E-02   8.691000000000000E+02   0.000000000000000E+00   0.000000000000000E+00   5.520000000000000E+01   6.970656000000000E+02
0.000000000000000E+00   1.979085801209920E-03   0.000000000000000E+00   1.979085801209920E-03   4.400000000000000E-02   8.691000000000000E+02   0.000000000000000E+00   0.000000000000000E+00   5.520000000000000E+01   6.970656000000000E+02
0.000000000000000E+00   1.981248736511789E-03   0.000000000000000E+00   1.981248736511789E-03   4.400000000000000E-02   8.691000000000000E+02   0.000000000000000E+00   0.000000000000000E+00   5.520000000000000E+01   6.970656000000000E+02
0.000000000000000E+00   1.983411671813657E-03   0.000000000000000E+00   1.983411671813657E-03   4.400000000000000E-02   8.691000000000000E+02   0.000000000000000E+00   0.000000000000000E+00   5.520000000000000E+01   6.970656000000000E+02
0.000000000000000E+00   1.985574607115526E-03   0.000000000000000E+00   1.985574607115526E-03   4.400000000000000E-02   8.691000000000000E+02   0.000000000000000E+00   0.000000000000000E+00   5.520000000000000E+01   6.970656000000000E+02
0.000000000000000E+00   1.987737542417395E-03   0.000000000000000E+00   1.987737542417395E-03   4.400000000000000E-02   8.691000000000000E+02   0.000000000000000E+00   0.000000000000000E+00   5.520000000000000E+01   6.970656000000000E+02
0.000000000000000E+00   1.989900477719264E-03   0.000000000000000E+00   1.989900477719264E-03   4.400000000000000E-02   8.691000000000000E+02   0.000000000000000E+00   0.000000000000000E+00   5.520000000000000E+01   6.970656000000000E+02
0.000000000000000E+00   1.992063413021133E-03   0.000000000000000E+00   1.992063413021133E-03   4.400000000000000E-02   8.691000000000000E+02   0.000000000000000E+00   0.000000000000000E+00   5.520000000000000E+01   6.970656000000000E+02
0.000000000000000E+00   1.994226348323001E-03   0.000000000000000E+00   1.994226348323001E-03   4.400000000000000E-02   8.691000000000000E+02   0.000000000000000E+00   0.000000000000000E+00   5.520000000000000E+01   6.970656000000000E+02
0.000000000000000E+00   1.996389283624870E-03   0.000000000000000E+00   1.996389283624870E-03   4.400000000000000E-02   8.691000000000000E+02   0.000000000000000E+00   0.000000000000000E+00   5.520000000000000E+01   6.970656000000000E+02
0.000000000000000E+00   1.998552218926739E-03   0.000000000000000E+00   1.998552218926739E-03   4.400000000000000E-02   8.691000000000000E+02   0.000000000000000E+00   0.000000000000000E+00   5.520000000000000E+01   6.970656000000000E+02
0.000000000000000E+00   2.000715154228607E-03   0.000000000000000E+00   2.000715154228607E-03   4.400000000000000E-02   8.691000000000000E+02   0.000000000000000E+00   0.000000000000000E+00   5.520000000000000E+01   6.970656000000000E+02
0.000000000000000E+00   2.002878089530476E-03   0.000000000000000E+00   2.002878089530476E-03   4.400000000000000E-02   8.691000000000000E+02   0.000000000000000E+00   0.000000000000000E+00   5.520000000000000E+01   6.970656000000000E+02
0.000000000000000E+00   2.005041024832345E-03   0.000000000000000E+00   2.005041024832345E-03   4.400000000000000E-02   8.691000000000000E+02   0.000000000000000E+00   0.000000000000000E+00   5.520000000000000E+01   6.970656000000000E+02
0.000000000000000E+00   2.007203960134214E-03   0.000000000000000E+00   2.007203960134214E-03   4.400000000000000E-02   8.691000000000000E+02   0.000000000000000E+00   0.000000000000000E+00   5.520000000000000E+01   6.970656000000000E+02
0.000000000000000E+00   2.009366895436083E-03   0.000000000000000E+00   2.009366895436083E-03   4.400000000000000E-02   8.691000000000000E+02   0.000000000000000E+00   0.000000000000000E+00   5.520000000000000E+01   6.970656000000000E+02
0.000000000000000E+00   2.011529830737951E-03   0.000000000000000E+00   2.011529830737951E-03   4.400000000000000E-02   8.691000000000000E+02   0.000000000000000E+00   0.000000000000000E+00   5.520000000000000E+01   6.970656000000000E+02
0.000000000000000E+00   2.013692766039820E-03   0.000000000000000E+00   2.013692766039820E-03   4.400000000000000E-02   8.691000000000000E+02   0.000000000000000E+00   0.000000000000000E+00   5.520000000000000E+01   6.970656000000000E+02
0.000000000000000E+00   2.015855701341689E-03   0.000000000000000E+00   2.015855701341689E-03   4.400000000000000E-02   8.691000000000000E+02   0.000000000000000E+00   0.000000000000000E+00   5.520000000000000E+01   6.970656000000000E+02
0.000000000000000E+00   2.018018636643558E-03   0.000000000000000E+00   2.018018636643558E-03   4.400000000000000E-02   8.691000000000000E+02   0.000000000000000E+00   0.000000000000000E+00   5.520000000000000E+01   6.970656000000000E+02
0.000000000000000E+00   2.020181571945426E-03   0.000000000000000E+00   2.020181571945426E-03   4.400000000000000E-02   8.691000000000000E+02   0.000000000000000E+00   0.000000000000000E+00   5.520000000000000E+01   6.970656000000000E+02
0.000000000000000E+00   2.022344507247296E-03   0.000000000000000E+00   2.022344507247296E-03   4.400000000000000E-02   8.691000000000000E+02   0.000000000000000E+00   0.000000000000000E+00   5.520000000000000E+01   6.970656000000000E+02
0.000000000000000E+00   2.024507442549164E-03   0.000000000000000E+00   2.024507442549164E-03   4.400000000000000E-02   8.691000000000000E+02   0.000000000000000E+00   0.000000000000000E+00   5.520000000000000E+01   6.970656000000000E+02
0.000000000000000E+00   2.026670377851033E-03   0.000000000000000E+00   2.026670377851033E-03   4.400000000000000E-02   8.691000000000000E+02   0.000000000000000E+00   0.000000000000000E+00   5.520000000000000E+01   6.970656000000000E+02
0.000000000000000E+00   2.028833313152901E-03   0.000000000000000E+00   2.028833313152901E-03   4.400000000000000E-02   8.691000000000000E+02   0.000000000000000E+00   0.000000000000000E+00   5.520000000000000E+01   6.970656000000000E+02
0.000000000000000E+00   2.030996248454770E-03   0.000000000000000E+00   2.030996248454770E-03   4.400000000000000E-02   8.691000000000000E+02   0.000000000000000E+00   0.000000000000000E+00   5.520000000000000E+01   6.970656000000000E+02
0.000000000000000E+00   2.033159183756639E-03   0.000000000000000E+00   2.033159183756639E-03   4.400000000000000E-02   8.691000000000000E+02   0.000000000000000E+00   0.000000000000000E+00   5.520000000000000E+01   6.970656000000000E+02
0.000000000000000E+00   2.035322119058508E-03   0.000000000000000E+00   2.035322119058508E-03   4.400000000000000E-02   8.691000000000000E+02   0.000000000000000E+00   0.000000000000000E+00   5.520000000000000E+01   6.970656000000000E+02
0.000000000000000E+00   2.037485054360376E-03   0.000000000000000E+00   2.037485054360376E-03   4.400000000000000E-02   8.691000000000000E+02   0.000000000000000E+00   0.000000000000000E+00   5.520000000000000E+01   6.970656000000000E+02
0.000000000000000E+00   2.039647989662246E-03   0.000000000000000E+00   2.039647989662246E-03   4.400000000000000E-02   8.691000000000000E+02   0.000000000000000E+00   0.000000000000000E+00   5.520000000000000E+01   6.970656000000000E+02
0.000000000000000E+00   2.041810924964114E-03   0.000000000000000E+00   2.041810924964114E-03   4.400000000000000E-02   8.691000000000000E+02   0.000000000000000E+00   0.000000000000000E+00   5.520000000000000E+01   6.970656000000000E+02
0.000000000000000E+00   2.043973860265983E-03   0.000000000000000E+00   2.043973860265983E-03   4.400000000000000E-02   8.691000000000000E+02   0.000000000000000E+00   0.000000000000000E+00   5.520000000000000E+01   6.970656000000000E+02
0.000000000000000E+00   2.046136795567852E-03   0.000000000000000E+00   2.046136795567852E-03   4.400000000000000E-02   8.691000000000000E+02   0.000000000000000E+00   0.000000000000000E+00   5.520000000000000E+01   6.970656000000000E+02
0.000000000000000E+00   2.048299730869721E-03   0.000000000000000E+00   2.048299730869721E-03   4.400000000000000E-02   8.691000000000000E+02   0.000000000000000E+00   0.000000000000000E+00   5.520000000000000E+01   6.970656000000000E+02
0.000000000000000E+00   2.050462666171589E-03   0.000000000000000E+00   2.050462666171589E-03   4.400000000000000E-02   8.691000000000000E+02   0.000000000000000E+00   0.000000000000000E+00   5.520000000000000E+01   6.970656000000000E+02
0.000000000000000E+00   2.052625601473458E-03   0.000000000000000E+00   2.052625601473458E-03   4.400000000000000E-02   8.691000000000000E+02   0.000000000000000E+00   0.000000000000000E+00   5.520000000000000E+01   6.970656000000000E+02
0.000000000000000E+00   2.054788536775327E-03   0.000000000000000E+00   2.054788536775327E-03   4.400000000000000E-02   8.691000000000000E+02   0.000000000000000E+00   0.000000000000000E+00   5.520000000000000E+01   6.970656000000000E+02
0.000000000000000E+00   2.056951472077195E-03   0.000000000000000E+00   2.056951472077195E-03   4.400000000000000E-02   8.691000000000000E+02   0.000000000000000E+00   0.000000000000000E+00   5.520000000000000E+01   6.970656000000000E+02
0.000000000000000E+00   2.059114407379064E-03   0.000000000000000E+00   2.059114407379064E-03   4.400000000000000E-02   8.691000000000000E+02   0.000000000000000E+00   0.000000000000000E+00   5.520000000000000E+01   6.970656000000000E+02
0.000000000000000E+00   2.061277342680932E-03   0.000000000000000E+00   2.061277342680932E-03   4.400000000000000E-02   8.691000000000000E+02   0.000000000000000E+00   0.000000000000000E+00   5.520000000000000E+01   6.970656000000000E+02
0.000000000000000E+00   2.063440277982802E-03   0.000000000000000E+00   2.063440277982802E-03   4.400000000000000E-02   8.691000000000000E+02   0.000000000000000E+00   0.000000000000000E+00   5.520000000000000E+01   6.970656000000000E+02
0.000000000000000E+00   2.065603213284670E-03   0.000000000000000E+00   2.065603213284670E-03   4.400000000000000E-02   8.691000000000000E+02   0.000000000000000E+00   0.000000000000000E+00   5.520000000000000E+01   6.970656000000000E+02
0.000000000000000E+00   2.067766148586539E-03   0.000000000000000E+00   2.067766148586539E-03   4.400000000000000E-02   8.691000000000000E+02   0.000000000000000E+00   0.000000000000000E+00   5.520000000000000E+01   6.970656000000000E+02
0.000000000000000E+00   2.069929083888408E-03   0.000000000000000E+00   2.069929083888408E-03   4.400000000000000E-02   8.691000000000000E+02   0.000000000000000E+00   0.000000000000000E+00   5.520000000000000E+01   6.970656000000000E+02
0.000000000000000E+00   2.072092019190277E-03   0.000000000000000E+00   2.072092019190277E-03   4.400000000000000E-02   8.691000000000000E+02   0.000000000000000E+00   0.000000000000000E+00   5.520000000000000E+01   6.970656000000000E+02
0.000000000000000E+00   2.074254954492145E-03   0.000000000000000E+00   2.074254954492145E-03   4.400000000000000E-02   8.691000000000000E+02   0.000000000000000E+00   0.000000000000000E+00   5.520000000000000E+01   6.970656000000000E+02
0.000000000000000E+00   2.076417889794014E-03   0.000000000000000E+00   2.076417889794014E-03   4.400000000000000E-02   8.691000000000000E+02   0.000000000000000E+00   0.000000000000000E+00   5.520000000000000E+01   6.970656000000000E+02
0.000000000000000E+00   2.078580825095883E-03   0.000000000000000E+00   2.078580825095883E-03   4.400000000000000E-02   8.691000000000000E+02   0.000000000000000E+00   0.000000000000000E+00   5.520000000000000E+01   6.970656000000000E+02
0.000000000000000E+00   2.080743760397752E-03   0.000000000000000E+00   2.080743760397752E-03   4.400000000000000E-02   8.691000000000000E+02   0.000000000000000E+00   0.000000000000000E+00   5.520000000000000E+01   6.970656000000000E+02
0.000000000000000E+00   2.082906695699620E-03   0.000000000000000E+00   2.082906695699620E-03   4.400000000000000E-02   8.691000000000000E+02   0.000000000000000E+00   0.000000000000000E+00   5.520000000000000E+01   6.970656000000000E+02
0.000000000000000E+00   2.085069631001489E-03   0.000000000000000E+00   2.085069631001489E-03   4.400000000000000E-02   8.691000000000000E+02   0.000000000000000E+00   0.000000000000000E+00   5.520000000000000E+01   6.970656000000000E+02
0.000000000000000E+00   2.087232566303358E-03   0.000000000000000E+00   2.087232566303358E-03   4.400000000000000E-02   8.691000000000000E+02   0.000000000000000E+00   0.000000000000000E+00   5.520000000000000E+01   6.970656000000000E+02
0.000000000000000E+00   2.089395501605227E-03   0.000000000000000E+00   2.089395501605227E-03   4.400000000000000E-02   8.691000000000000E+02   0.000000000000000E+00   0.000000000000000E+00   5.520000000000000E+01   6.970656000000000E+02
0.000000000000000E+00   2.091558436907095E-03   0.000000000000000E+00   2.091558436907095E-03   4.400000000000000E-02   8.691000000000000E+02   0.000000000000000E+00   0.000000000000000E+00   5.520000000000000E+01   6.970656000000000E+02
0.000000000000000E+00   2.093721372208964E-03   0.000000000000000E+00   2.093721372208964E-03   4.400000000000000E-02   8.691000000000000E+02   0.000000000000000E+00   0.000000000000000E+00   5.520000000000000E+01   6.970656000000000E+02
0.000000000000000E+00   2.095884307510833E-03   0.000000000000000E+00   2.095884307510833E-03   4.400000000000000E-02   8.691000000000000E+02   0.000000000000000E+00   0.000000000000000E+00   5.520000000000000E+01   6.970656000000000E+02
0.000000000000000E+00   2.098047242812702E-03   0.000000000000000E+00   2.098047242812702E-03   4.400000000000000E-02   8.691000000000000E+02   0.000000000000000E+00   0.000000000000000E+00   5.520000000000000E+01   6.970656000000000E+02
0.000000000000000E+00   2.100210178114570E-03   0.000000000000000E+00   2.100210178114570E-03   4.400000000000000E-02   8.691000000000000E+02   0.000000000000000E+00   0.000000000000000E+00   5.520000000000000E+01   6.970656000000000E+02
0.000000000000000E+00   2.102373113416439E-03   0.000000000000000E+00   2.102373113416439E-03   4.400000000000000E-02   8.691000000000000E+02   0.000000000000000E+00   0.000000000000000E+00   5.520000000000000E+01   6.970656000000000E+02
0.000000000000000E+00   2.104536048718308E-03   0.000000000000000E+00   2.104536048718308E-03   4.400000000000000E-02   8.691000000000000E+02   0.000000000000000E+00   0.000000000000000E+00   5.520000000000000E+01   6.970656000000000E+02
0.000000000000000E+00   2.106698984020177E-03   0.000000000000000E+00   2.106698984020177E-03   4.400000000000000E-02   8.691000000000000E+02   0.000000000000000E+00   0.000000000000000E+00   5.520000000000000E+01   6.970656000000000E+02
0.000000000000000E+00   2.108861919322046E-03   0.000000000000000E+00   2.108861919322046E-03   4.400000000000000E-02   8.691000000000000E+02   0.000000000000000E+00   0.000000000000000E+00   5.520000000000000E+01   6.970656000000000E+02
0.000000000000000E+00   2.111024854623915E-03   0.000000000000000E+00   2.111024854623915E-03   4.400000000000000E-02   8.691000000000000E+02   0.000000000000000E+00   0.000000000000000E+00   5.520000000000000E+01   6.970656000000000E+02
0.000000000000000E+00   2.113187789925783E-03   0.000000000000000E+00   2.113187789925783E-03   4.400000000000000E-02   8.691000000000000E+02   0.000000000000000E+00   0.000000000000000E+00   5.520000000000000E+01   6.970656000000000E+02
0.000000000000000E+00   2.115350725227652E-03   0.000000000000000E+00   2.115350725227652E-03   4.400000000000000E-02   8.691000000000000E+02   0.000000000000000E+00   0.000000000000000E+00   5.520000000000000E+01   6.970656000000000E+02
0.000000000000000E+00   2.117513660529521E-03   0.000000000000000E+00   2.117513660529521E-03   4.400000000000000E-02   8.691000000000000E+02   0.000000000000000E+00   0.000000000000000E+00   5.520000000000000E+01   6.970656000000000E+02
0.000000000000000E+00   2.119676595831389E-03   0.000000000000000E+00   2.119676595831389E-03   4.400000000000000E-02   8.691000000000000E+02   0.000000000000000E+00   0.000000000000000E+00   5.520000000000000E+01   6.970656000000000E+02
0.000000000000000E+00   2.121839531133258E-03   0.000000000000000E+00   2.121839531133258E-03   4.400000000000000E-02   8.691000000000000E+02   0.000000000000000E+00   0.000000000000000E+00   5.520000000000000E+01   6.970656000000000E+02
0.000000000000000E+00   2.124002466435127E-03   0.000000000000000E+00   2.124002466435127E-03   4.400000000000000E-02   8.691000000000000E+02   0.000000000000000E+00   0.000000000000000E+00   5.520000000000000E+01   6.970656000000000E+02
0.000000000000000E+00   2.126165401736995E-03   0.000000000000000E+00   2.126165401736995E-03   4.400000000000000E-02   8.691000000000000E+02   0.000000000000000E+00   0.000000000000000E+00   5.520000000000000E+01   6.970656000000000E+02
0.000000000000000E+00   2.128328337038865E-03   0.000000000000000E+00   2.128328337038865E-03   4.400000000000000E-02   8.691000000000000E+02   0.000000000000000E+00   0.000000000000000E+00   5.520000000000000E+01   6.970656000000000E+02
0.000000000000000E+00   2.130491272340733E-03   0.000000000000000E+00   2.130491272340733E-03   4.400000000000000E-02   8.691000000000000E+02   0.000000000000000E+00   0.000000000000000E+00   5.520000000000000E+01   6.970656000000000E+02
0.000000000000000E+00   2.132654207642602E-03   0.000000000000000E+00   2.132654207642602E-03   4.400000000000000E-02   8.691000000000000E+02   0.000000000000000E+00   0.000000000000000E+00   5.520000000000000E+01   6.970656000000000E+02
0.000000000000000E+00   2.134817142944471E-03   0.000000000000000E+00   2.134817142944471E-03   4.400000000000000E-02   8.691000000000000E+02   0.000000000000000E+00   0.000000000000000E+00   5.520000000000000E+01   6.970656000000000E+02
0.000000000000000E+00   2.136980078246340E-03   0.000000000000000E+00   2.136980078246340E-03   4.400000000000000E-02   8.691000000000000E+02   0.000000000000000E+00   0.000000000000000E+00   5.520000000000000E+01   6.970656000000000E+02
0.000000000000000E+00   2.139143013548208E-03   0.000000000000000E+00   2.139143013548208E-03   4.400000000000000E-02   8.691000000000000E+02   0.000000000000000E+00   0.000000000000000E+00   5.520000000000000E+01   6.970656000000000E+02
0.000000000000000E+00   2.141305948850077E-03   0.000000000000000E+00   2.141305948850077E-03   4.400000000000000E-02   8.691000000000000E+02   0.000000000000000E+00   0.000000000000000E+00   5.520000000000000E+01   6.970656000000000E+02
0.000000000000000E+00   2.143468884151946E-03   0.000000000000000E+00   2.143468884151946E-03   4.400000000000000E-02   8.691000000000000E+02   0.000000000000000E+00   0.000000000000000E+00   5.520000000000000E+01   6.970656000000000E+02
0.000000000000000E+00   2.145631819453815E-03   0.000000000000000E+00   2.145631819453815E-03   4.400000000000000E-02   8.691000000000000E+02   0.000000000000000E+00   0.000000000000000E+00   5.520000000000000E+01   6.970656000000000E+02
0.000000000000000E+00   2.147794754755683E-03   0.000000000000000E+00   2.147794754755683E-03   4.400000000000000E-02   8.691000000000000E+02   0.000000000000000E+00   0.000000000000000E+00   5.520000000000000E+01   6.970656000000000E+02
0.000000000000000E+00   2.149957690057552E-03   0.000000000000000E+00   2.149957690057552E-03   4.400000000000000E-02   8.691000000000000E+02   0.000000000000000E+00   0.000000000000000E+00   5.520000000000000E+01   6.970656000000000E+02
0.000000000000000E+00   2.152120625359421E-03   0.000000000000000E+00   2.152120625359421E-03   4.400000000000000E-02   8.691000000000000E+02   0.000000000000000E+00   0.000000000000000E+00   5.520000000000000E+01   6.970656000000000E+02
0.000000000000000E+00   2.154283560661290E-03   0.000000000000000E+00   2.154283560661290E-03   4.400000000000000E-02   8.691000000000000E+02   0.000000000000000E+00   0.000000000000000E+00   5.520000000000000E+01   6.970656000000000E+02
0.000000000000000E+00   2.156446495963158E-03   0.000000000000000E+00   2.156446495963158E-03   4.400000000000000E-02   8.691000000000000E+02   0.000000000000000E+00   0.000000000000000E+00   5.520000000000000E+01   6.970656000000000E+02
0.000000000000000E+00   2.158609431265028E-03   0.000000000000000E+00   2.158609431265028E-03   4.400000000000000E-02   8.691000000000000E+02   0.000000000000000E+00   0.000000000000000E+00   5.520000000000000E+01   6.970656000000000E+02
0.000000000000000E+00   2.160772366566896E-03   0.000000000000000E+00   2.160772366566896E-03   4.400000000000000E-02   8.691000000000000E+02   0.000000000000000E+00   0.000000000000000E+00   5.520000000000000E+01   6.970656000000000E+02
