y_plus, y, u_plus, u, T, rho
1.0000000000e-01,7.8481012658e-07,1.0000578742e-01,3.4574175655e+00,9.8666949570e+01,2.4616145635e-02
5.0040040040e-01,3.9271930158e-06,5.0067328286e-01,1.7511761416e+01,1.0330077923e+02,2.3511923319e-02
9.0080080080e-01,7.0695759050e-06,9.0206019941e-01,3.1908718732e+01,1.0786482983e+02,2.2517070705e-02
1.3012012012e+00,1.0211958794e-05,1.3045211563e+00,4.6650140602e+01,1.1234644843e+02,2.1618840952e-02
1.7016016016e+00,1.3354341683e-05,1.7082899704e+00,6.1734293554e+01,1.1673155023e+02,2.0806714167e-02
2.1020020020e+00,1.6496724573e-05,2.1134527546e+00,7.7153978406e+01,1.2100435138e+02,2.0072005447e-02
2.5024024024e+00,1.9639107462e-05,2.5199133286e+00,9.2894657073e+01,1.2514727844e+02,1.9407533510e-02
2.9028028028e+00,2.2781490351e-05,2.9273518992e+00,1.0893196238e+02,1.2914091313e+02,1.8807362757e-02
3.3032032032e+00,2.5923873240e-05,3.3351798773e+00,1.2522944789e+02,1.3296423707e+02,1.8266565909e-02
3.7036036036e+00,2.9066256130e-05,3.7424966240e+00,1.4173646785e+02,1.3659513393e+02,1.7781014083e-02
4.1040040040e+00,3.2208639019e-05,4.1480576366e+00,1.5838588344e+02,1.4001107115e+02,1.7347199618e-02
4.5044044044e+00,3.5351021908e-05,4.5502672476e+00,1.7509326229e+02,1.4319026871e+02,1.6962046527e-02
4.9048048048e+00,3.8493404797e-05,4.9472103428e+00,1.9175881094e+02,1.4611337717e+02,1.6622707976e-02
5.3052052052e+00,4.1635787686e-05,5.3367342861e+00,2.0826955227e+02,1.4876495665e+02,1.6326425622e-02
5.7056056056e+00,4.4778170576e-05,5.7165823104e+00,2.2450667767e+02,1.5113537139e+02,1.6070361145e-02
6.1060060060e+00,4.7920553465e-05,6.0845643321e+00,2.4035304374e+02,1.5322192325e+02,1.5851517514e-02
6.5064064064e+00,5.1062936354e-05,6.4387361211e+00,2.5570182534e+02,1.5502934448e+02,1.5666711409e-02
6.9068068068e+00,5.4205319243e-05,6.7775509387e+00,2.7046462013e+02,1.5656944196e+02,1.5512605586e-02
7.3072072072e+00,5.7347702133e-05,7.0999541034e+00,2.8457591386e+02,1.5785979579e+02,1.5385804776e-02
7.7076076076e+00,6.0490085022e-05,7.4054080181e+00,2.9799518921e+02,1.5892205117e+02,1.5282964083e-02
8.1080080080e+00,6.3632467911e-05,7.6938545734e+00,3.1070564582e+02,1.5978002719e+02,1.5200898652e-02
8.5084084084e+00,6.6774850800e-05,7.9656350108e+00,3.2271044085e+02,1.6045800163e+02,1.5136671125e-02
8.9088088088e+00,6.9917233689e-05,8.2213908863e+00,3.3402852358e+02,1.6097942797e+02,1.5087642133e-02
9.3092092092e+00,7.3059616579e-05,8.4619657092e+00,3.4468980399e+02,1.6136605381e+02,1.5051492818e-02
9.7096096096e+00,7.6201999468e-05,8.6883194847e+00,3.5473105048e+02,1.6163745270e+02,1.5026220467e-02
1.0110010010e+01,7.9344382357e-05,8.9014613808e+00,3.6419269295e+02,1.6181086120e+02,1.5010117257e-02
1.0510410410e+01,8.2486765246e-05,9.1024008105e+00,3.7311626811e+02,1.6190121486e+02,1.5001740426e-02
1.0910810811e+01,8.5629148135e-05,9.2921145401e+00,3.8154273764e+02,1.6192131074e+02,1.4999878576e-02
1.1311211211e+01,8.8771531025e-05,9.4715264607e+00,3.8951138536e+02,1.6188202889e+02,1.5003518405e-02
1.1711611612e+01,9.1913913914e-05,9.6414966862e+00,3.9705916578e+02,1.6179257306e+02,1.5011813917e-02
1.2112012012e+01,9.5056296803e-05,9.8028171378e+00,4.0422037577e+02,1.6166070581e+02,1.5024059111e-02
1.2512412412e+01,9.8198679692e-05,9.9562114022e+00,4.1102658632e+02,1.6149296383e+02,1.5039664530e-02
1.2912812813e+01,1.0134106258e-04,1.0102337239e+01,4.1750659259e+02,1.6129485159e+02,1.5058137169e-02
1.3313213213e+01,1.0448344547e-04,1.0241790601e+01,4.2368666695e+02,1.6107100359e+02,1.5079064176e-02
1.3713613614e+01,1.0762582836e-04,1.0375110403e+01,4.2959063361e+02,1.6082532765e+02,1.5102098876e-02
1.4114014014e+01,1.1076821125e-04,1.0502783534e+01,4.3524001341e+02,1.6056112683e+02,1.5126949143e-02
1.4514414414e+01,1.1391059414e-04,1.0625249816e+01,4.4065445055e+02,1.6028118813e+02,1.5153369078e-02
1.4914814815e+01,1.1705297703e-04,1.0742906716e+01,4.4585158336e+02,1.5998788044e+02,1.5181149930e-02
1.5315215215e+01,1.2019535992e-04,1.0856113730e+01,4.5084748244e+02,1.5968321108e+02,1.5210114974e-02
1.5715615616e+01,1.2333774281e-04,1.0965196374e+01,4.5565672609e+02,1.5936888716e+02,1.5240113948e-02
1.6116016016e+01,1.2648012570e-04,1.1070449808e+01,4.6029246174e+02,1.5904636975e+02,1.5271018156e-02
1.6516416416e+01,1.2962250858e-04,1.1172142068e+01,4.6476678657e+02,1.5871689703e+02,1.5302718523e-02
1.6916816817e+01,1.3276489147e-04,1.1270516961e+01,4.6909063970e+02,1.5838153268e+02,1.5335121203e-02
1.7317217217e+01,1.3590727436e-04,1.1365796632e+01,4.7327396856e+02,1.5804119048e+02,1.5368145435e-02
1.7717617618e+01,1.3904965725e-04,1.1458183841e+01,4.7732588968e+02,1.5769665236e+02,1.5401722000e-02
1.8118018018e+01,1.4219204014e-04,1.1547863982e+01,4.8125478800e+02,1.5734858611e+02,1.5435791704e-02
1.8518418418e+01,1.4533442303e-04,1.1635006869e+01,4.8506829259e+02,1.5699757036e+02,1.5470303104e-02
1.8918818819e+01,1.4847680592e-04,1.1719768318e+01,4.8877341626e+02,1.5664410245e+02,1.5505211891e-02
1.9319219219e+01,1.5161918881e-04,1.1802291551e+01,4.9237661745e+02,1.5628860975e+02,1.5540479910e-02
1.9719619620e+01,1.5476157170e-04,1.1882708432e+01,4.9588385506e+02,1.5593145917e+02,1.5576074340e-02
2.0120020020e+01,1.5790395459e-04,1.1961140576e+01,4.9930063717e+02,1.5557296535e+02,1.5611966993e-02
2.0520420420e+01,1.6104633748e-04,1.2037700325e+01,5.0263197467e+02,1.5521340731e+02,1.5648132736e-02
2.0920820821e+01,1.6418872037e-04,1.2112491620e+01,5.0588256057e+02,1.5485301991e+02,1.5684550430e-02
2.1321221221e+01,1.6733110326e-04,1.2185610777e+01,5.0905687010e+02,1.5449199043e+02,1.5721203366e-02
2.1721621622e+01,1.7047348614e-04,1.2257147181e+01,5.1215870304e+02,1.5413051896e+02,1.5758073199e-02
2.2122022022e+01,1.7361586903e-04,1.2327183907e+01,5.1519207780e+02,1.5376872254e+02,1.5795149754e-02
2.2522422422e+01,1.7675825192e-04,1.2395798270e+01,5.1816023876e+02,1.5340675710e+02,1.5832418636e-02
2.2922822823e+01,1.7990063481e-04,1.2463062326e+01,5.2106661191e+02,1.5304470956e+02,1.5869872320e-02
2.3323223223e+01,1.8304301770e-04,1.2529043317e+01,5.2391423549e+02,1.5268267048e+02,1.5907502747e-02
2.3723623624e+01,1.8618540059e-04,1.2593804074e+01,5.2670577394e+02,1.5232073891e+02,1.5945300800e-02
2.4124024024e+01,1.8932778348e-04,1.2657403376e+01,5.2944401727e+02,1.5195896193e+02,1.5983262647e-02
2.4524424424e+01,1.9247016637e-04,1.2719896279e+01,5.3213144932e+02,1.5159739301e+02,1.6021383691e-02
2.4924824825e+01,1.9561254926e-04,1.2781334415e+01,5.3477038686e+02,1.5123607776e+02,1.6059660076e-02
2.5325225225e+01,1.9875493215e-04,1.2841766249e+01,5.3736300656e+02,1.5087505310e+02,1.6098088783e-02
2.5725625626e+01,2.0189731504e-04,1.2901237334e+01,5.3991135574e+02,1.5051434838e+02,1.6136667541e-02
2.6126026026e+01,2.0503969793e-04,1.2959790522e+01,5.4241736218e+02,1.5015398621e+02,1.6175394749e-02
2.6526426426e+01,2.0818208081e-04,1.3017466168e+01,5.4488284302e+02,1.4979398329e+02,1.6214269403e-02
2.6926826827e+01,2.1132446370e-04,1.3074302313e+01,5.4730951285e+02,1.4943435113e+02,1.6253291038e-02
2.7327227227e+01,2.1446684659e-04,1.3130334848e+01,5.4969899114e+02,1.4907509661e+02,1.6292459674e-02
2.7727627628e+01,2.1760922948e-04,1.3185597668e+01,5.5205280897e+02,1.4871622259e+02,1.6331775765e-02
2.8128028028e+01,2.2075161237e-04,1.3240122811e+01,5.5437241520e+02,1.4835772832e+02,1.6371240161e-02
2.8528428428e+01,2.2389399526e-04,1.3293940585e+01,5.5665918219e+02,1.4799960991e+02,1.6410854066e-02
2.8928828829e+01,2.2703637815e-04,1.3347079684e+01,5.5891441094e+02,1.4764186069e+02,1.6450619009e-02
2.9329229229e+01,2.3017876104e-04,1.3399567297e+01,5.6113930118e+02,1.4728447715e+02,1.6490536186e-02
2.9729629630e+01,2.3332114393e-04,1.3451429203e+01,5.6333489494e+02,1.4692746951e+02,1.6530605258e-02
3.0130030030e+01,2.3646352682e-04,1.3502689868e+01,5.6550244509e+02,1.4657080259e+02,1.6570831005e-02
3.0530430430e+01,2.3960590971e-04,1.3553372523e+01,5.6764301108e+02,1.4621446172e+02,1.6611215960e-02
3.0930830831e+01,2.4274829260e-04,1.3603499243e+01,5.6975751219e+02,1.4585844587e+02,1.6651761135e-02
3.1331231231e+01,2.4589067549e-04,1.3653091021e+01,5.7184679766e+02,1.4550275719e+02,1.6692467187e-02
3.1731631632e+01,2.4903305837e-04,1.3702167828e+01,5.7391195691e+02,1.4514734823e+02,1.6733340496e-02
3.2132032032e+01,2.5217544126e-04,1.3750748681e+01,5.7595376187e+02,1.4479221739e+02,1.6774382241e-02
3.2532432432e+01,2.5531782415e-04,1.3798851694e+01,5.7797289439e+02,1.4443737186e+02,1.6815592590e-02
3.2932832833e+01,2.5846020704e-04,1.3846494136e+01,5.7997037680e+02,1.4408275178e+02,1.6856979548e-02
3.3333233233e+01,2.6160258993e-04,1.3893692472e+01,5.8194669721e+02,1.4372838495e+02,1.6898540958e-02
3.3733633634e+01,2.6474497282e-04,1.3940462418e+01,5.8390270847e+02,1.4337422818e+02,1.6940282999e-02
3.4134034034e+01,2.6788735571e-04,1.3986818974e+01,5.8583908183e+02,1.4302026450e+02,1.6982208839e-02
3.4534434434e+01,2.7102973860e-04,1.4032776469e+01,5.8775631535e+02,1.4266650338e+02,1.7024318550e-02
3.4934834835e+01,2.7417212149e-04,1.4078348599e+01,5.8965526014e+02,1.4231288384e+02,1.7066620635e-02
3.5335235235e+01,2.7731450438e-04,1.4123548453e+01,5.9153617788e+02,1.4195944945e+02,1.7109111154e-02
3.5735635636e+01,2.8045688727e-04,1.4168388554e+01,5.9339999363e+02,1.4160611483e+02,1.7151801693e-02
3.6136036036e+01,2.8359927016e-04,1.4212880885e+01,5.9524685051e+02,1.4125293781e+02,1.7194686621e-02
3.6536436436e+01,2.8674165305e-04,1.4257036914e+01,5.9707764055e+02,1.4089982948e+02,1.7237778137e-02
3.6936836837e+01,2.8988403593e-04,1.4300867628e+01,5.9889250584e+02,1.4054684079e+02,1.7281071465e-02
3.7337237237e+01,2.9302641882e-04,1.4344383549e+01,6.0069219713e+02,1.4019390130e+02,1.7324576729e-02
3.7737637638e+01,2.9616880171e-04,1.4387594761e+01,6.0247697314e+02,1.3984103274e+02,1.7368292785e-02
3.8138038038e+01,2.9931118460e-04,1.4430510932e+01,6.0424733378e+02,1.3948820634e+02,1.7412224759e-02
3.8538438438e+01,3.0245356749e-04,1.4473141335e+01,6.0600377233e+02,1.3913539094e+02,1.7456378162e-02
3.8938838839e+01,3.0559595038e-04,1.4515494862e+01,6.0774642693e+02,1.3878262394e+02,1.7500749958e-02
3.9339239239e+01,3.0873833327e-04,1.4557580049e+01,6.0947601937e+02,1.3842982183e+02,1.7545352352e-02
3.9739639640e+01,3.1188071616e-04,1.4599405088e+01,6.1119258712e+02,1.3807703737e+02,1.7590180426e-02
4.0140040040e+01,3.1502309905e-04,1.4640977842e+01,6.1289666264e+02,1.3772421976e+02,1.7635242402e-02
4.0540440440e+01,3.1816548194e-04,1.4682305865e+01,6.1458868397e+02,1.3737133428e+02,1.7680544581e-02
4.0940840841e+01,3.2130786483e-04,1.4723396412e+01,6.1626856453e+02,1.3701845380e+02,1.7726079463e-02
4.1341241241e+01,3.2445024772e-04,1.4764256455e+01,6.1793701521e+02,1.3666548198e+02,1.7771861371e-02
4.1741641642e+01,3.2759263061e-04,1.4804892692e+01,6.1959427358e+02,1.3631241908e+02,1.7817892283e-02
4.2142042042e+01,3.3073501349e-04,1.4845311562e+01,6.2124031530e+02,1.3595931998e+02,1.7864167019e-02
4.2542442442e+01,3.3387739638e-04,1.4885519255e+01,6.2287575761e+02,1.3560610036e+02,1.7910698660e-02
4.2942842843e+01,3.3701977927e-04,1.4925521724e+01,6.2450085427e+02,1.3525275125e+02,1.7957490532e-02
4.3343243243e+01,3.4016216216e-04,1.4965324694e+01,6.2611548238e+02,1.3489934465e+02,1.8004535206e-02
4.3743643644e+01,3.4330454505e-04,1.5004933669e+01,6.2772023813e+02,1.3454579402e+02,1.8051846345e-02
4.4144044044e+01,3.4644692794e-04,1.5044353946e+01,6.2931535626e+02,1.3419208956e+02,1.8099427530e-02
4.4544444444e+01,3.4958931083e-04,1.5083590621e+01,6.3090086374e+02,1.3383826637e+02,1.8147276305e-02
4.4944844845e+01,3.5273169372e-04,1.5122648597e+01,6.3247699661e+02,1.3348431208e+02,1.8195396614e-02
4.5345245245e+01,3.5587407661e-04,1.5161532592e+01,6.3404412100e+02,1.3313018323e+02,1.8243796719e-02
4.5745645646e+01,3.5901645950e-04,1.5200247146e+01,6.3560242922e+02,1.3277587377e+02,1.8292479884e-02
4.6146046046e+01,3.6215884239e-04,1.5238796628e+01,6.3715186357e+02,1.3242143371e+02,1.8341441653e-02
4.6546446446e+01,3.6530122528e-04,1.5277185245e+01,6.3869276143e+02,1.3206682197e+02,1.8390690135e-02
4.6946846847e+01,3.6844360817e-04,1.5315417045e+01,6.4022538134e+02,1.3171201374e+02,1.8440231313e-02
4.7347247247e+01,3.7158599105e-04,1.5353495923e+01,6.4174988775e+02,1.3135700457e+02,1.8490068405e-02
4.7747647648e+01,3.7472837394e-04,1.5391425631e+01,6.4326629153e+02,1.3100182501e+02,1.8540199724e-02
4.8148048048e+01,3.7787075683e-04,1.5429209778e+01,6.4477473914e+02,1.3064647336e+02,1.8590628108e-02
4.8548448448e+01,3.8101313972e-04,1.5466851839e+01,6.4627553416e+02,1.3029090962e+02,1.8641361912e-02
4.8948848849e+01,3.8415552261e-04,1.5504355158e+01,6.4776881725e+02,1.2993513091e+02,1.8692404302e-02
4.9349249249e+01,3.8729790550e-04,1.5541722953e+01,6.4925472364e+02,1.2957913479e+02,1.8743758430e-02
4.9749649650e+01,3.9044028839e-04,1.5578958324e+01,6.5073320963e+02,1.2922296113e+02,1.8795421330e-02
5.0150050050e+01,3.9358267128e-04,1.5616064249e+01,6.5220447829e+02,1.2886659001e+02,1.8847398693e-02
5.0550450450e+01,3.9672505417e-04,1.5653043598e+01,6.5366875014e+02,1.2850999598e+02,1.8899697113e-02
5.0950850851e+01,3.9986743706e-04,1.5689899130e+01,6.5512614080e+02,1.2815317809e+02,1.8952319687e-02
5.1351251251e+01,4.0300981995e-04,1.5726633500e+01,6.5657676142e+02,1.2779613575e+02,1.9005269492e-02
5.1751651652e+01,4.0615220284e-04,1.5763249261e+01,6.5802071883e+02,1.2743886876e+02,1.9058549590e-02
5.2152052052e+01,4.0929458572e-04,1.5799748868e+01,6.5945789235e+02,1.2708143296e+02,1.9112154651e-02
5.2552452452e+01,4.1243696861e-04,1.5836134682e+01,6.6088859402e+02,1.2672377624e+02,1.9166095520e-02
5.2952852853e+01,4.1557935150e-04,1.5872408973e+01,6.6231293334e+02,1.2636589580e+02,1.9220375756e-02
5.3353253253e+01,4.1872173439e-04,1.5908573922e+01,6.6373100143e+02,1.2600779284e+02,1.9274998358e-02
5.3753653654e+01,4.2186411728e-04,1.5944631624e+01,6.6514288581e+02,1.2564946888e+02,1.9329966307e-02
5.4154054054e+01,4.2500650017e-04,1.5980584092e+01,6.6654867055e+02,1.2529092582e+02,1.9385282566e-02
5.4554454454e+01,4.2814888306e-04,1.6016433260e+01,6.6794843636e+02,1.2493216586e+02,1.9440950081e-02
5.4954854855e+01,4.3129126595e-04,1.6052180982e+01,6.6934208694e+02,1.2457323641e+02,1.9496964757e-02
5.5355255255e+01,4.3443364884e-04,1.6087829040e+01,6.7072985367e+02,1.2421410028e+02,1.9553335689e-02
5.5755655656e+01,4.3757603173e-04,1.6123379141e+01,6.7211182960e+02,1.2385475505e+02,1.9610066638e-02
5.6156056056e+01,4.4071841462e-04,1.6158832924e+01,6.7348808323e+02,1.2349520423e+02,1.9667160479e-02
5.6556456456e+01,4.4386079751e-04,1.6194191957e+01,6.7485868023e+02,1.2313545161e+02,1.9724620069e-02
5.6956856857e+01,4.4700318040e-04,1.6229457745e+01,6.7622368358e+02,1.2277550129e+02,1.9782448244e-02
5.7357257257e+01,4.5014556328e-04,1.6264631727e+01,6.7758315361e+02,1.2241535770e+02,1.9840647820e-02
5.7757657658e+01,4.5328794617e-04,1.6299715280e+01,6.7893714816e+02,1.2205502555e+02,1.9899221593e-02
5.8158058058e+01,4.5643032906e-04,1.6334709723e+01,6.8028572259e+02,1.2169450985e+02,1.9958172337e-02
5.8558458458e+01,4.5957271195e-04,1.6369616314e+01,6.8162892137e+02,1.2133381819e+02,2.0017502426e-02
5.8958858859e+01,4.6271509484e-04,1.6404436256e+01,6.8296667883e+02,1.2097298766e+02,2.0077209359e-02
5.9359259259e+01,4.6585747773e-04,1.6439170696e+01,6.8429917397e+02,1.2061198913e+02,2.0137301585e-02
5.9759659660e+01,4.6899986062e-04,1.6473820729e+01,6.8562645325e+02,1.2025082872e+02,2.0197781802e-02
6.0160060060e+01,4.7214224351e-04,1.6508387396e+01,6.8694856109e+02,1.1988951279e+02,2.0258652684e-02
6.0560460460e+01,4.7528462640e-04,1.6542871692e+01,6.8826553991e+02,1.1952804796e+02,2.0319916886e-02
6.0960860861e+01,4.7842700929e-04,1.6577274558e+01,6.8957743023e+02,1.1916644113e+02,2.0381577036e-02
6.1361261261e+01,4.8156939218e-04,1.6611596891e+01,6.9088427070e+02,1.1880469945e+02,2.0443635743e-02
6.1761661662e+01,4.8471177507e-04,1.6645839541e+01,6.9218609819e+02,1.1844283030e+02,2.0506095589e-02
6.2162062062e+01,4.8785415796e-04,1.6680003314e+01,6.9348294785e+02,1.1808084134e+02,2.0568959133e-02
6.2562462462e+01,4.9099654084e-04,1.6714088970e+01,6.9477485315e+02,1.1771874044e+02,2.0632228913e-02
6.2962862863e+01,4.9413892373e-04,1.6748097231e+01,6.9606184596e+02,1.1735653570e+02,2.0695907437e-02
6.3363263263e+01,4.9728130662e-04,1.6782028774e+01,6.9734395658e+02,1.1699423548e+02,2.0759997192e-02
6.3763663664e+01,5.0042368951e-04,1.6815884237e+01,6.9862121381e+02,1.1663184834e+02,2.0824500637e-02
6.4164064064e+01,5.0356607240e-04,1.6849664222e+01,6.9989364502e+02,1.1626938306e+02,2.0889420208e-02
6.4564464464e+01,5.0670845529e-04,1.6883369289e+01,7.0116127617e+02,1.1590684864e+02,2.0954758313e-02
6.4964864865e+01,5.0985083818e-04,1.6916999964e+01,7.0242413187e+02,1.1554425429e+02,2.1020517334e-02
6.5365265265e+01,5.1299322107e-04,1.6950556737e+01,7.0368223544e+02,1.1518160941e+02,2.1086699625e-02
6.5765665666e+01,5.1613560396e-04,1.6984040062e+01,7.0493560893e+02,1.1481892363e+02,2.1153307515e-02
6.6166066066e+01,5.1927798685e-04,1.7017450360e+01,7.0618427319e+02,1.1445620672e+02,2.1220343304e-02
6.6566466466e+01,5.2242036974e-04,1.7050788021e+01,7.0742824792e+02,1.1409346870e+02,2.1287809265e-02
6.6966866867e+01,5.2556275263e-04,1.7084053399e+01,7.0866755169e+02,1.1373071972e+02,2.1355707641e-02
6.7367267267e+01,5.2870513552e-04,1.7117246820e+01,7.0990220198e+02,1.1336797013e+02,2.1424040647e-02
6.7767667668e+01,5.3184751840e-04,1.7150368578e+01,7.1113221525e+02,1.1300523044e+02,2.1492810470e-02
6.8168068068e+01,5.3498990129e-04,1.7183418938e+01,7.1235760696e+02,1.1264251136e+02,2.1562019266e-02
6.8568468468e+01,5.3813228418e-04,1.7216398138e+01,7.1357839160e+02,1.1227982370e+02,2.1631669163e-02
6.8968868869e+01,5.4127466707e-04,1.7249306385e+01,7.1479458275e+02,1.1191717849e+02,2.1701762257e-02
6.9369269269e+01,5.4441704996e-04,1.7282143861e+01,7.1600619311e+02,1.1155458686e+02,2.1772300615e-02
6.9769669670e+01,5.4755943285e-04,1.7314910719e+01,7.1721323452e+02,1.1119206010e+02,2.1843286272e-02
7.0170070070e+01,5.5070181574e-04,1.7347607090e+01,7.1841571801e+02,1.1082960966e+02,2.1914721233e-02
7.0570470470e+01,5.5384419863e-04,1.7380233077e+01,7.1961365385e+02,1.1046724708e+02,2.1986607472e-02
7.0970870871e+01,5.5698658152e-04,1.7412788758e+01,7.2080705155e+02,1.1010498406e+02,2.2058946929e-02
7.1371271271e+01,5.6012896441e-04,1.7445274190e+01,7.2199591991e+02,1.0974283241e+02,2.2131741515e-02
7.1771671672e+01,5.6327134730e-04,1.7477689404e+01,7.2318026706e+02,1.0938080406e+02,2.2204993105e-02
7.2172072072e+01,5.6641373019e-04,1.7510034410e+01,7.2436010046e+02,1.0901891104e+02,2.2278703546e-02
7.2572472472e+01,5.6955611308e-04,1.7542309196e+01,7.2553542699e+02,1.0865716549e+02,2.2352874649e-02
7.2972872873e+01,5.7269849596e-04,1.7574513727e+01,7.2670625292e+02,1.0829557966e+02,2.2427508193e-02
7.3373273273e+01,5.7584087885e-04,1.7606647949e+01,7.2787258397e+02,1.0793416586e+02,2.2502605924e-02
7.3773673674e+01,5.7898326174e-04,1.7638711786e+01,7.2903442533e+02,1.0757293652e+02,2.2578169553e-02
7.4174074074e+01,5.8212564463e-04,1.7670705144e+01,7.3019178171e+02,1.0721190412e+02,2.2654200761e-02
7.4574474474e+01,5.8526802752e-04,1.7702627907e+01,7.3134465731e+02,1.0685108125e+02,2.2730701192e-02
7.4974874875e+01,5.8841041041e-04,1.7734479944e+01,7.3249299337e+02,1.0649050022e+02,2.2807668242e-02
7.5375275275e+01,5.9155279330e-04,1.7766261101e+01,7.3363673739e+02,1.0613019154e+02,2.2885099563e-02
7.5775675676e+01,5.9469517619e-04,1.7797971212e+01,7.3477599983e+02,1.0577013430e+02,2.2963003838e-02
7.6176076076e+01,5.9783755908e-04,1.7829610087e+01,7.3591078310e+02,1.0541034142e+02,2.3041382537e-02
7.6576476476e+01,6.0097994197e-04,1.7861177525e+01,7.3704108924e+02,1.0505082583e+02,2.3120237092e-02
7.6976876877e+01,6.0412232486e-04,1.7892673304e+01,7.3816692002e+02,1.0469160054e+02,2.3199568901e-02
7.7377277277e+01,6.0726470775e-04,1.7924097190e+01,7.3928827688e+02,1.0433267855e+02,2.3279379326e-02
7.7777677678e+01,6.1040709063e-04,1.7955448929e+01,7.4040516101e+02,1.0397407291e+02,2.3359669694e-02
7.8178078078e+01,6.1354947352e-04,1.7986728257e+01,7.4151757336e+02,1.0361579670e+02,2.3440441297e-02
7.8578478478e+01,6.1669185641e-04,1.8017934890e+01,7.4262551465e+02,1.0325786299e+02,2.3521695391e-02
7.8978878879e+01,6.1983423930e-04,1.8049068533e+01,7.4372898541e+02,1.0290028488e+02,2.3603433197e-02
7.9379279279e+01,6.2297662219e-04,1.8080128876e+01,7.4482775925e+02,1.0254314925e+02,2.3685638853e-02
7.9779679680e+01,6.2611900508e-04,1.8111115596e+01,7.4592199581e+02,1.0218641781e+02,2.3768325106e-02
8.0180080080e+01,6.2926138797e-04,1.8142028355e+01,7.4701174919e+02,1.0183008613e+02,2.3851497061e-02
8.0580480480e+01,6.3240377086e-04,1.8172866803e+01,7.4809701911e+02,1.0147416738e+02,2.3935155743e-02
8.0980880881e+01,6.3554615375e-04,1.8203630579e+01,7.4917780519e+02,1.0111867470e+02,2.4019302144e-02
8.1381281281e+01,6.3868853664e-04,1.8234319309e+01,7.5025410700e+02,1.0076362121e+02,2.4103937222e-02
8.1781681682e+01,6.4183091953e-04,1.8264932605e+01,7.5132592406e+02,1.0040902000e+02,2.4189061899e-02
8.2182082082e+01,6.4497330242e-04,1.8295470070e+01,7.5239325585e+02,1.0005488409e+02,2.4274677064e-02
8.2582482482e+01,6.4811568531e-04,1.8325931295e+01,7.5345573228e+02,9.9701349632e+01,2.4360753480e-02
8.2982882883e+01,6.5125806819e-04,1.8356315860e+01,7.5451370547e+02,9.9348312762e+01,2.4447320065e-02
8.3383283283e+01,6.5440045108e-04,1.8386623334e+01,7.5556717666e+02,9.8995785817e+01,2.4534377701e-02
8.3783683684e+01,6.5754283397e-04,1.8416853278e+01,7.5661614516e+02,9.8643781724e+01,2.4621927075e-02
8.4184084084e+01,6.6068521686e-04,1.8447005239e+01,7.5766061036e+02,9.8292313336e+01,2.4709968843e-02
8.4584484484e+01,6.6382759975e-04,1.8477078759e+01,7.5870057172e+02,9.7941393419e+01,2.4798503628e-02
8.4984884885e+01,6.6696998264e-04,1.8507073367e+01,7.5973580067e+02,9.7591111962e+01,2.4887512307e-02
8.5385285285e+01,6.7011236553e-04,1.8536988584e+01,7.6076629334e+02,9.7241483391e+01,2.4976994543e-02
8.5785685686e+01,6.7325474842e-04,1.8566823923e+01,7.6179226447e+02,9.6892447617e+01,2.5066969199e-02
8.6186086086e+01,6.7639713131e-04,1.8596578888e+01,7.6281371378e+02,9.6544017154e+01,2.5157436697e-02
8.6586486486e+01,6.7953951420e-04,1.8626252974e+01,7.6383064117e+02,9.6196204400e+01,2.5248397430e-02
8.6986886887e+01,6.8268189709e-04,1.8655845669e+01,7.6484304675e+02,9.5849021626e+01,2.5339851767e-02
8.7387287287e+01,6.8582427998e-04,1.8685356452e+01,7.6585048527e+02,9.5502634377e+01,2.5431759195e-02
8.7787687688e+01,6.8896666287e-04,1.8714784797e+01,7.6685330655e+02,9.5156935300e+01,2.5524151155e-02
8.8188088088e+01,6.9210904575e-04,1.8744130167e+01,7.6785158908e+02,9.4811909625e+01,2.5617034923e-02
8.8588488488e+01,6.9525142864e-04,1.8773392021e+01,7.6884533362e+02,9.4467569219e+01,2.5710410674e-02
8.8988888889e+01,6.9839381153e-04,1.8802569810e+01,7.6983454120e+02,9.4123925790e+01,2.5804278557e-02
8.9389289289e+01,7.0153619442e-04,1.8831662980e+01,7.7081875819e+02,9.3781149544e+01,2.5898594886e-02
8.9789689690e+01,7.0467857731e-04,1.8860670967e+01,7.7179828305e+02,9.3439149286e+01,2.5993387339e-02
9.0190090090e+01,7.0782096020e-04,1.8889593205e+01,7.7277325578e+02,9.3097888260e+01,2.6088669092e-02
9.0590490490e+01,7.1096334309e-04,1.8918429120e+01,7.7374367837e+02,9.2757377641e+01,2.6184440114e-02
9.0990890891e+01,7.1410572598e-04,1.8947178133e+01,7.7470947975e+02,9.2417654284e+01,2.6280693000e-02
9.1391291291e+01,7.1724810887e-04,1.8975839658e+01,7.7567013993e+02,9.2078913713e+01,2.6377374602e-02
9.1791691692e+01,7.2039049176e-04,1.9004413107e+01,7.7662623679e+02,9.1740964640e+01,2.6474541766e-02
9.2192092092e+01,7.2353287465e-04,1.9032897884e+01,7.7757777353e+02,9.1403817605e+01,2.6572194287e-02
9.2592492492e+01,7.2667525754e-04,1.9061293389e+01,7.7852475382e+02,9.1067482920e+01,2.6670331957e-02
9.2992892893e+01,7.2981764043e-04,1.9089599019e+01,7.7946659568e+02,9.0732179574e+01,2.6768892926e-02
9.3393293293e+01,7.3296002331e-04,1.9117814165e+01,7.8040372258e+02,9.0397769223e+01,2.6867919650e-02
9.3793693694e+01,7.3610240620e-04,1.9145938212e+01,7.8133628346e+02,9.0064210365e+01,2.6967426796e-02
9.4194094094e+01,7.3924478909e-04,1.9173970546e+01,7.8226428348e+02,8.9731512544e+01,2.7067414013e-02
9.4594494494e+01,7.4238717198e-04,1.9201910544e+01,7.8318711747e+02,8.9399904801e+01,2.7167814165e-02
9.4994894895e+01,7.4552955487e-04,1.9229757583e+01,7.8410519350e+02,8.9069252754e+01,2.7268669321e-02
9.5395295295e+01,7.4867193776e-04,1.9257511034e+01,7.8501870252e+02,8.8739499099e+01,2.7369998982e-02
9.5795695696e+01,7.5181432065e-04,1.9285170267e+01,7.8592765142e+02,8.8410652500e+01,2.7471802677e-02
9.6196096096e+01,7.5495670354e-04,1.9312734647e+01,7.8683121536e+02,8.8083023477e+01,2.7573985362e-02
9.6596496496e+01,7.5809908643e-04,1.9340203537e+01,7.8773017585e+02,8.7756340732e+01,2.7676632591e-02
9.6996896897e+01,7.6124146932e-04,1.9367576296e+01,7.8862457408e+02,8.7430600329e+01,2.7779747489e-02
9.7397297297e+01,7.6438385221e-04,1.9394852284e+01,7.8951409268e+02,8.7105929153e+01,2.7883291340e-02
9.7797697698e+01,7.6752623510e-04,1.9422030853e+01,7.9039845349e+02,8.6782440681e+01,2.7987228533e-02
9.8198098098e+01,7.7066861799e-04,1.9449111358e+01,7.9127825300e+02,8.6459928234e+01,2.8091626371e-02
9.8598498498e+01,7.7381100087e-04,1.9476093149e+01,7.9215350157e+02,8.6138398739e+01,2.8196484211e-02
9.8998898899e+01,7.7695338376e-04,1.9502975574e+01,7.9302330079e+02,8.5818193950e+01,2.8301690914e-02
9.9399299299e+01,7.8009576665e-04,1.9529757982e+01,7.9388846100e+02,8.5499027293e+01,2.8407340726e-02
9.9799699700e+01,7.8323814954e-04,1.9556439716e+01,7.9474907626e+02,8.5180874707e+01,2.8513442816e-02
1.0020010010e+02,7.8638053243e-04,1.9583020122e+01,7.9560450052e+02,8.4863986237e+01,2.8619914144e-02
1.0060050050e+02,7.8952291532e-04,1.9609498541e+01,7.9645498912e+02,8.4548278883e+01,2.8726782284e-02
1.0100090090e+02,7.9266529821e-04,1.9635874315e+01,7.9730094258e+02,8.4233614757e+01,2.8834094405e-02
1.0140130130e+02,7.9580768110e-04,1.9662146785e+01,7.9814185500e+02,8.3920192874e+01,2.8941782863e-02
1.0180170170e+02,7.9895006399e-04,1.9688315290e+01,7.9897764871e+02,8.3608053617e+01,2.9049833059e-02
1.0220210210e+02,8.0209244688e-04,1.9714379169e+01,7.9980892119e+02,8.3296984630e+01,2.9158318405e-02
1.0260250250e+02,8.0523482977e-04,1.9740337761e+01,8.0063518812e+02,8.2987177754e+01,2.9267171938e-02
1.0300290290e+02,8.0837721266e-04,1.9766190403e+01,8.0145627341e+02,8.2678710273e+01,2.9376365354e-02
1.0340330330e+02,8.1151959554e-04,1.9791936432e+01,8.0227285583e+02,8.2371337834e+01,2.9485984614e-02
1.0380370370e+02,8.1466197843e-04,1.9817575187e+01,8.0308434730e+02,8.2065292279e+01,2.9595946503e-02
1.0420410410e+02,8.1780436132e-04,1.9843106005e+01,8.0389072120e+02,8.1760594735e+01,2.9706241838e-02
1.0460450450e+02,8.2094674421e-04,1.9868528222e+01,8.0469261528e+02,8.1457014584e+01,2.9816953302e-02
1.0500490490e+02,8.2408912710e-04,1.9893841177e+01,8.0548920548e+02,8.1154874290e+01,2.9927962075e-02
1.0540530531e+02,8.2723150999e-04,1.9919044208e+01,8.0628087627e+02,8.0854038932e+01,3.0039315686e-02
1.0580570571e+02,8.3037389288e-04,1.9944136653e+01,8.0706809529e+02,8.0554340738e+01,3.0151075383e-02
1.0620610611e+02,8.3351627577e-04,1.9969117851e+01,8.0784966297e+02,8.0256247023e+01,3.0263064747e-02
1.0660650651e+02,8.3665865866e-04,1.9993987143e+01,8.0862665093e+02,7.9959359783e+01,3.0375430801e-02
1.0700690691e+02,8.3980104155e-04,2.0018743870e+01,8.0939890519e+02,7.9663747529e+01,3.0488146432e-02
1.0740730731e+02,8.4294342444e-04,2.0043387372e+01,8.1016564936e+02,7.9369718047e+01,3.0601091446e-02
1.0780770771e+02,8.4608580733e-04,2.0067916993e+01,8.1092798748e+02,7.9076858141e+01,3.0714422109e-02
1.0820810811e+02,8.4922819022e-04,2.0092332078e+01,8.1168502681e+02,7.8785520664e+01,3.0827999606e-02
1.0860850851e+02,8.5237057310e-04,2.0116631971e+01,8.1243712535e+02,7.8495578221e+01,3.0941870294e-02
1.0900890891e+02,8.5551295599e-04,2.0140816019e+01,8.1318472352e+02,7.8206870529e+01,3.1056094990e-02
1.0940930931e+02,8.5865533888e-04,2.0164883571e+01,8.1392657710e+02,7.7919888327e+01,3.1170475884e-02
1.0980970971e+02,8.6179772177e-04,2.0188833978e+01,8.1466408457e+02,7.7634100648e+01,3.1285221053e-02
1.1021011011e+02,8.6494010466e-04,2.0212666591e+01,8.1539629008e+02,7.7349887408e+01,3.1400174989e-02
1.1061051051e+02,8.6808248755e-04,2.0236380764e+01,8.1612356986e+02,7.7067112587e+01,3.1515388581e-02
1.1101091091e+02,8.7122487044e-04,2.0259975853e+01,8.1684621602e+02,7.6785671925e+01,3.1630901171e-02
1.1141131131e+02,8.7436725333e-04,2.0283451216e+01,8.1756327076e+02,7.6505948324e+01,3.1746551127e-02
1.1181171171e+02,8.7750963622e-04,2.0306806213e+01,8.1827605470e+02,7.6227436083e+01,3.1862543525e-02
1.1221211211e+02,8.8065201911e-04,2.0330040208e+01,8.1898314674e+02,7.5950699977e+01,3.1978638785e-02
1.1261251251e+02,8.8379440200e-04,2.0353152565e+01,8.1968573705e+02,7.5675283861e+01,3.2095023317e-02
1.1301291291e+02,8.8693678489e-04,2.0376142652e+01,8.2038316210e+02,7.5401456924e+01,3.2211579180e-02
1.1341331331e+02,8.9007916778e-04,2.0399009839e+01,8.2107557004e+02,7.5129170504e+01,3.2328321792e-02
1.1381371371e+02,8.9322155066e-04,2.0421753499e+01,8.2176328608e+02,7.4858305713e+01,3.2445297510e-02
1.1421411411e+02,8.9636393355e-04,2.0444373008e+01,8.2244552630e+02,7.4589180666e+01,3.2562363312e-02
1.1461451451e+02,8.9950631644e-04,2.0466867745e+01,8.2312349305e+02,7.4321329973e+01,3.2679716589e-02
1.1501491491e+02,9.0264869933e-04,2.0489237092e+01,8.2379558364e+02,7.4055396023e+01,3.2797069902e-02
1.1541531532e+02,9.0579108222e-04,2.0511480433e+01,8.2446356170e+02,7.3790689979e+01,3.2914721365e-02
1.1581571572e+02,9.0893346511e-04,2.0533597158e+01,8.2512572519e+02,7.3527895189e+01,3.3032361306e-02
1.1621611612e+02,9.1207584800e-04,2.0555586657e+01,8.2578361216e+02,7.3266410192e+01,3.3150252532e-02
1.1661651652e+02,9.1521823089e-04,2.0577448327e+01,8.2643593951e+02,7.3006753626e+01,3.3268155059e-02
1.1701691692e+02,9.1836061378e-04,2.0599181564e+01,8.2708376321e+02,7.2748513960e+01,3.3386248980e-02
1.1741731732e+02,9.2150299667e-04,2.0620785772e+01,8.2772622078e+02,7.2492043554e+01,3.3504366561e-02
1.1781771772e+02,9.2464537956e-04,2.0642260355e+01,8.2836401278e+02,7.2237071367e+01,3.3622625531e-02
1.1821811812e+02,9.2778776245e-04,2.0663604725e+01,8.2899656884e+02,7.1983833875e+01,3.3740909163e-02
1.1861851852e+02,9.3093014534e-04,2.0684818294e+01,8.2962436459e+02,7.1732149125e+01,3.3859295025e-02
1.1901891892e+02,9.3407252822e-04,2.0705900479e+01,8.3024698940e+02,7.1482190082e+01,3.3977694265e-02
1.1941931932e+02,9.3721491111e-04,2.0726850702e+01,8.3086482826e+02,7.1233810492e+01,3.4096168424e-02
1.1981971972e+02,9.4035729400e-04,2.0747668389e+01,8.3147749411e+02,7.0987174182e+01,3.4214631418e-02
1.2022012012e+02,9.4349967689e-04,2.0768352970e+01,8.3208541945e+02,7.0742115185e+01,3.4333154920e-02
1.2062052052e+02,9.4664205978e-04,2.0788903878e+01,8.3268810070e+02,7.0498844612e+01,3.4451628440e-02
1.2102092092e+02,9.4978444267e-04,2.0809320552e+01,8.3328615998e+02,7.0257119311e+01,3.4570162054e-02
1.2142132132e+02,9.5292682556e-04,2.0829602435e+01,8.3387883308e+02,7.0017256169e+01,3.4688591540e-02
1.2182172172e+02,9.5606920845e-04,2.0849748974e+01,8.3446707794e+02,6.9778875280e+01,3.4807095847e-02
1.2222212212e+02,9.5921159134e-04,2.0869759621e+01,8.3504972148e+02,6.9542459924e+01,3.4925425454e-02
1.2262252252e+02,9.6235397423e-04,2.0889633833e+01,8.3562820782e+02,6.9307431736e+01,3.5043860942e-02
1.2302292292e+02,9.6549635712e-04,2.0909371071e+01,8.3620080255e+02,6.9074503154e+01,3.5162033588e-02
1.2342332332e+02,9.6863874001e-04,2.0928970802e+01,8.3676940807e+02,6.8842907870e+01,3.5280322624e-02
1.2382372372e+02,9.7178112290e-04,2.0948432497e+01,8.3733211948e+02,6.8613429267e+01,3.5398318171e-02
1.2422412412e+02,9.7492350578e-04,2.0967755632e+01,8.3789064338e+02,6.8385378987e+01,3.5516363819e-02
1.2462452452e+02,9.7806588867e-04,2.0986939688e+01,8.3844372211e+02,6.8159277729e+01,3.5634180422e-02
1.2502492492e+02,9.8120827156e-04,2.1005984152e+01,8.3899215048e+02,6.7934808054e+01,3.5751922609e-02
1.2542532533e+02,9.8435065445e-04,2.1024888515e+01,8.3953566703e+02,6.7712083996e+01,3.5869520721e-02
1.2582572573e+02,9.8749303734e-04,2.1043652274e+01,8.4007398826e+02,6.7491229074e+01,3.5986898347e-02
1.2622612613e+02,9.9063542023e-04,2.1062274931e+01,8.4060801769e+02,6.7271879448e+01,3.6104238798e-02
1.2662652653e+02,9.9377780312e-04,2.1080755994e+01,8.4113622248e+02,6.7054671946e+01,3.6221189807e-02
1.2702692693e+02,9.9692018601e-04,2.1099094975e+01,8.4166036646e+02,6.6838888244e+01,3.6338126857e-02
1.2742732733e+02,1.0000625689e-03,2.1117291394e+01,8.4217892589e+02,6.6625162405e+01,3.6454695378e-02
1.2782772773e+02,1.0032049518e-03,2.1135344774e+01,8.4269293472e+02,6.6413075328e+01,3.6571111758e-02
1.2822812813e+02,1.0063473347e-03,2.1153254645e+01,8.4320217837e+02,6.6202721954e+01,3.6687313275e-02
1.2862852853e+02,1.0094897176e-03,2.1171020543e+01,8.4370604839e+02,6.5994360529e+01,3.6803144701e-02
1.2902892893e+02,1.0126321005e-03,2.1188642010e+01,8.4420582208e+02,6.5787469247e+01,3.6918884824e-02
1.2942932933e+02,1.0157744833e-03,2.1206118592e+01,8.4469979693e+02,6.5582759510e+01,3.7034123269e-02
1.2982972973e+02,1.0189168662e-03,2.1223449842e+01,8.4518942112e+02,6.5379637890e+01,3.7149180974e-02
1.3023013013e+02,1.0220592491e-03,2.1240635320e+01,8.4567427715e+02,6.5178283562e+01,3.7263945401e-02
1.3063053053e+02,1.0252016320e-03,2.1257674590e+01,8.4615375396e+02,6.4978956870e+01,3.7378254700e-02
1.3103093093e+02,1.0283440149e-03,2.1274567225e+01,8.4662910451e+02,6.4781143047e+01,3.7492391856e-02
1.3143133133e+02,1.0314863978e-03,2.1291312801e+01,8.4709892728e+02,6.4585431458e+01,3.7606004097e-02
1.3183173173e+02,1.0346287807e-03,2.1307910902e+01,8.4756412796e+02,6.4391451212e+01,3.7719292768e-02
1.3223213213e+02,1.0377711636e-03,2.1324361118e+01,8.4802505530e+02,6.4199062429e+01,3.7832328201e-02
1.3263253253e+02,1.0409135465e-03,2.1340663045e+01,8.4848011416e+02,6.4008937159e+01,3.7944701284e-02
1.3303293293e+02,1.0440559293e-03,2.1356816285e+01,8.4893102253e+02,6.3820363732e+01,3.8056818513e-02
1.3343333333e+02,1.0471983122e-03,2.1372820448e+01,8.4937718747e+02,6.3633595482e+01,3.8168517457e-02
1.3383373373e+02,1.0503406951e-03,2.1388675149e+01,8.4981795988e+02,6.3448910178e+01,3.8279617305e-02
1.3423413413e+02,1.0534830780e-03,2.1404380010e+01,8.5025456663e+02,6.3265799401e+01,3.8390410348e-02
1.3463453453e+02,1.0566254609e-03,2.1419934660e+01,8.5068613051e+02,6.3084636426e+01,3.8500657808e-02
1.3503493493e+02,1.0597678438e-03,2.1435338734e+01,8.5111261212e+02,6.2905443640e+01,3.8610330989e-02
1.3543533534e+02,1.0629102267e-03,2.1450591873e+01,8.5153491493e+02,6.2727846731e+01,3.8719645685e-02
1.3583573574e+02,1.0660526096e-03,2.1465693727e+01,8.5195205101e+02,6.2552266441e+01,3.8828329303e-02
1.3623613614e+02,1.0691949925e-03,2.1480643951e+01,8.5236424448e+02,6.2378614077e+01,3.8936421335e-02
1.3663653654e+02,1.0723373754e-03,2.1495442207e+01,8.5277224804e+02,6.2206577579e+01,3.9044102642e-02
1.3703693694e+02,1.0754797582e-03,2.1510088165e+01,8.5317514161e+02,6.2036549978e+01,3.9151113349e-02
1.3743733734e+02,1.0786221411e-03,2.1524581500e+01,8.5357305665e+02,6.1868481231e+01,3.9257469258e-02
1.3783773774e+02,1.0817645240e-03,2.1538921895e+01,8.5396677274e+02,6.1702046963e+01,3.9363361826e-02
1.3823813814e+02,1.0849069069e-03,2.1553109041e+01,8.5435562126e+02,6.1537534589e+01,3.9468594513e-02
1.3863853854e+02,1.0880492898e-03,2.1567142635e+01,8.5473927471e+02,6.1375087900e+01,3.9573059414e-02
1.3903893894e+02,1.0911916727e-03,2.1581022381e+01,8.5511872222e+02,6.1214292908e+01,3.9677008172e-02
1.3943933934e+02,1.0943340556e-03,2.1594747990e+01,8.5549373544e+02,6.1055250773e+01,3.9780362364e-02
1.3983973974e+02,1.0974764385e-03,2.1608319180e+01,8.5586315127e+02,6.0898459789e+01,3.9882782067e-02
1.4024014014e+02,1.1006188214e-03,2.1621735679e+01,8.5622835628e+02,6.0743336308e+01,3.9984632844e-02
1.4064054054e+02,1.1037612042e-03,2.1634997218e+01,8.5658934320e+02,6.0589887537e+01,4.0085897148e-02
1.4104094094e+02,1.1069035871e-03,2.1648103538e+01,8.5694496570e+02,6.0438605391e+01,4.0186235011e-02
1.4144134134e+02,1.1100459700e-03,2.1661054387e+01,8.5729596145e+02,6.0289180814e+01,4.0285835156e-02
1.4184174174e+02,1.1131883529e-03,2.1673849520e+01,8.5764273697e+02,6.0141444912e+01,4.0384796268e-02
1.4224214214e+02,1.1163307358e-03,2.1686488699e+01,8.5798502425e+02,5.9995515894e+01,4.0483025503e-02
1.4264254254e+02,1.1194731187e-03,2.1698971694e+01,8.5832185123e+02,5.9851812749e+01,4.0580224532e-02
1.4304294294e+02,1.1226155016e-03,2.1711298283e+01,8.5865445791e+02,5.9709810804e+01,4.0676732472e-02
1.4344334334e+02,1.1257578845e-03,2.1723468251e+01,8.5898283850e+02,5.9569516296e+01,4.0772531842e-02
1.4384374374e+02,1.1289002674e-03,2.1735481390e+01,8.5930636613e+02,5.9431201034e+01,4.0867422461e-02
1.4424414414e+02,1.1320426502e-03,2.1747337500e+01,8.5962485379e+02,5.9294949245e+01,4.0961330280e-02
1.4464454454e+02,1.1351850331e-03,2.1759036389e+01,8.5993911807e+02,5.9160415544e+01,4.1054478365e-02
1.4504494494e+02,1.1383274160e-03,2.1770577873e+01,8.6024915400e+02,5.9027605608e+01,4.1146849427e-02
1.4544534535e+02,1.1414697989e-03,2.1781961774e+01,8.6055429953e+02,5.8896806819e+01,4.1238228881e-02
1.4584574575e+02,1.1446121818e-03,2.1793187923e+01,8.6085450667e+02,5.8768043772e+01,4.1328583429e-02
1.4624614615e+02,1.1477545647e-03,2.1804256160e+01,8.6115049092e+02,5.8641013250e+01,4.1418111070e-02
1.4664654655e+02,1.1508969476e-03,2.1815166329e+01,8.6144224819e+02,5.8515720363e+01,4.1506794839e-02
1.4704694695e+02,1.1540393305e-03,2.1825918286e+01,8.6172941372e+02,5.8392325197e+01,4.1594507357e-02
1.4744734735e+02,1.1571817134e-03,2.1836511892e+01,8.6201141482e+02,5.8271077578e+01,4.1681055181e-02
1.4784774775e+02,1.1603240962e-03,2.1846947017e+01,8.6228919717e+02,5.8151574458e+01,4.1766710921e-02
1.4824814815e+02,1.1634664791e-03,2.1857223539e+01,8.6256275752e+02,5.8033820374e+01,4.1851458070e-02
1.4864854855e+02,1.1666088620e-03,2.1867341343e+01,8.6283209281e+02,5.7917819730e+01,4.1935280218e-02
1.4904894895e+02,1.1697512449e-03,2.1877300324e+01,8.6309625494e+02,5.7803984258e+01,4.2017864879e-02
1.4944934935e+02,1.1728936278e-03,2.1887100381e+01,8.6335592923e+02,5.7692022040e+01,4.2099408447e-02
1.4984974975e+02,1.1760360107e-03,2.1896741426e+01,8.6361139013e+02,5.7581817782e+01,4.2179981348e-02
1.5025015015e+02,1.1791783936e-03,2.1906223375e+01,8.6386263543e+02,5.7473375307e+01,4.2259567792e-02
1.5065055055e+02,1.1823207765e-03,2.1915546154e+01,8.6410966316e+02,5.7366698304e+01,4.2338152130e-02
1.5105095095e+02,1.1854631594e-03,2.1924709696e+01,8.6435145113e+02,5.7262231327e+01,4.2415392201e-02
1.5145135135e+02,1.1886055423e-03,2.1933713944e+01,8.6458892572e+02,5.7159577212e+01,4.2491566916e-02
1.5185175175e+02,1.1917479251e-03,2.1942558846e+01,8.6482219780e+02,5.7058690742e+01,4.2566696999e-02
1.5225215215e+02,1.1948903080e-03,2.1951244361e+01,8.6505126626e+02,5.6959575023e+01,4.2640767580e-02
1.5265255255e+02,1.1980326909e-03,2.1959770455e+01,8.6527613020e+02,5.6862233021e+01,4.2713763969e-02
1.5305295295e+02,1.2011750738e-03,2.1968137101e+01,8.6549621535e+02,5.6766916036e+01,4.2785484391e-02
1.5345335335e+02,1.2043174567e-03,2.1976344282e+01,8.6571164659e+02,5.6673572760e+01,4.2855953520e-02
1.5385375375e+02,1.2074598396e-03,2.1984391989e+01,8.6592289176e+02,5.6582003037e+01,4.2925309632e-02
1.5425415415e+02,1.2106022225e-03,2.1992280219e+01,8.6612995082e+02,5.6492209249e+01,4.2993538972e-02
1.5465455455e+02,1.2137446054e-03,2.2000008980e+01,8.6633282396e+02,5.6404193640e+01,4.3060628001e-02
1.5505495495e+02,1.2168869883e-03,2.2007578287e+01,8.6653151157e+02,5.6317958309e+01,4.3126563407e-02
1.5545535536e+02,1.2200293711e-03,2.2014988163e+01,8.6672549270e+02,5.6233731723e+01,4.3191158146e-02
1.5585575576e+02,1.2231717540e-03,2.2022238639e+01,8.6691490195e+02,5.6151457850e+01,4.3254442413e-02
1.5625615616e+02,1.2263141369e-03,2.2029329756e+01,8.6710014814e+02,5.6070961328e+01,4.3316539301e-02
1.5665655656e+02,1.2294565198e-03,2.2036261562e+01,8.6728123252e+02,5.5992243676e+01,4.3377436598e-02
1.5705695696e+02,1.2325989027e-03,2.2043034111e+01,8.6745815656e+02,5.5915306270e+01,4.3437122356e-02
1.5745735736e+02,1.2357412856e-03,2.2049647471e+01,8.6763092195e+02,5.5840150347e+01,4.3495584896e-02
1.5785775776e+02,1.2388836685e-03,2.2056101712e+01,8.6779953059e+02,5.5766777001e+01,4.3552812815e-02
1.5825815816e+02,1.2420260514e-03,2.2062426502e+01,8.6796424323e+02,5.5695074587e+01,4.3608883155e-02
1.5865855856e+02,1.2451684343e-03,2.2068725696e+01,8.6812800561e+02,5.5623761838e+01,4.3664792164e-02
1.5905895896e+02,1.2483108171e-03,2.2075008365e+01,8.6829133836e+02,5.5552612339e+01,4.3720716232e-02
1.5945935936e+02,1.2514532000e-03,2.2081274596e+01,8.6845424376e+02,5.5481625295e+01,4.3776655552e-02
1.5985975976e+02,1.2545955829e-03,2.2087524473e+01,8.6861672402e+02,5.5410799915e+01,4.3832610317e-02
1.6026016016e+02,1.2577379658e-03,2.2093758084e+01,8.6877878139e+02,5.5340135416e+01,4.3888580715e-02
1.6066056056e+02,1.2608803487e-03,2.2099975512e+01,8.6894041805e+02,5.5269631018e+01,4.3944566939e-02
1.6106096096e+02,1.2640227316e-03,2.2106176842e+01,8.6910000000e+02,5.5200000000e+01,4.4000000000e-02
1.6146136136e+02,1.2671651145e-03,2.2112362157e+01,8.6910000000e+02,5.5200000000e+01,4.4000000000e-02
1.6186176176e+02,1.2703074974e-03,2.2118531541e+01,8.6910000000e+02,5.5200000000e+01,4.4000000000e-02
1.6226216216e+02,1.2734498803e-03,2.2124685074e+01,8.6910000000e+02,5.5200000000e+01,4.4000000000e-02
1.6266256256e+02,1.2765922631e-03,2.2130822840e+01,8.6910000000e+02,5.5200000000e+01,4.4000000000e-02
1.6306296296e+02,1.2797346460e-03,2.2136944918e+01,8.6910000000e+02,5.5200000000e+01,4.4000000000e-02
1.6346336336e+02,1.2828770289e-03,2.2143051390e+01,8.6910000000e+02,5.5200000000e+01,4.4000000000e-02
1.6386376376e+02,1.2860194118e-03,2.2149142334e+01,8.6910000000e+02,5.5200000000e+01,4.4000000000e-02
1.6426416416e+02,1.2891617947e-03,2.2155217830e+01,8.6910000000e+02,5.5200000000e+01,4.4000000000e-02
1.6466456456e+02,1.2923041776e-03,2.2161277957e+01,8.6910000000e+02,5.5200000000e+01,4.4000000000e-02
1.6506496496e+02,1.2954465605e-03,2.2167322791e+01,8.6910000000e+02,5.5200000000e+01,4.4000000000e-02
1.6546536537e+02,1.2985889434e-03,2.2173352412e+01,8.6910000000e+02,5.5200000000e+01,4.4000000000e-02
1.6586576577e+02,1.3017313263e-03,2.2179366894e+01,8.6910000000e+02,5.5200000000e+01,4.4000000000e-02
1.6626616617e+02,1.3048737092e-03,2.2185366315e+01,8.6910000000e+02,5.5200000000e+01,4.4000000000e-02
1.6666656657e+02,1.3080160920e-03,2.2191350750e+01,8.6910000000e+02,5.5200000000e+01,4.4000000000e-02
1.6706696697e+02,1.3111584749e-03,2.2197320274e+01,8.6910000000e+02,5.5200000000e+01,4.4000000000e-02
1.6746736737e+02,1.3143008578e-03,2.2203274962e+01,8.6910000000e+02,5.5200000000e+01,4.4000000000e-02
1.6786776777e+02,1.3174432407e-03,2.2209214886e+01,8.6910000000e+02,5.5200000000e+01,4.4000000000e-02
1.6826816817e+02,1.3205856236e-03,2.2215140121e+01,8.6910000000e+02,5.5200000000e+01,4.4000000000e-02
1.6866856857e+02,1.3237280065e-03,2.2221050740e+01,8.6910000000e+02,5.5200000000e+01,4.4000000000e-02
1.6906896897e+02,1.3268703894e-03,2.2226946814e+01,8.6910000000e+02,5.5200000000e+01,4.4000000000e-02
1.6946936937e+02,1.3300127723e-03,2.2232828415e+01,8.6910000000e+02,5.5200000000e+01,4.4000000000e-02
1.6986976977e+02,1.3331551552e-03,2.2238695615e+01,8.6910000000e+02,5.5200000000e+01,4.4000000000e-02
1.7027017017e+02,1.3362975380e-03,2.2244548484e+01,8.6910000000e+02,5.5200000000e+01,4.4000000000e-02
1.7067057057e+02,1.3394399209e-03,2.2250387092e+01,8.6910000000e+02,5.5200000000e+01,4.4000000000e-02
1.7107097097e+02,1.3425823038e-03,2.2256211508e+01,8.6910000000e+02,5.5200000000e+01,4.4000000000e-02
1.7147137137e+02,1.3457246867e-03,2.2262021803e+01,8.6910000000e+02,5.5200000000e+01,4.4000000000e-02
1.7187177177e+02,1.3488670696e-03,2.2267818044e+01,8.6910000000e+02,5.5200000000e+01,4.4000000000e-02
1.7227217217e+02,1.3520094525e-03,2.2273600300e+01,8.6910000000e+02,5.5200000000e+01,4.4000000000e-02
1.7267257257e+02,1.3551518354e-03,2.2279368638e+01,8.6910000000e+02,5.5200000000e+01,4.4000000000e-02
1.7307297297e+02,1.3582942183e-03,2.2285123125e+01,8.6910000000e+02,5.5200000000e+01,4.4000000000e-02
1.7347337337e+02,1.3614366012e-03,2.2290863828e+01,8.6910000000e+02,5.5200000000e+01,4.4000000000e-02
1.7387377377e+02,1.3645789840e-03,2.2296590814e+01,8.6910000000e+02,5.5200000000e+01,4.4000000000e-02
1.7427417417e+02,1.3677213669e-03,2.2302304147e+01,8.6910000000e+02,5.5200000000e+01,4.4000000000e-02
1.7467457457e+02,1.3708637498e-03,2.2308003893e+01,8.6910000000e+02,5.5200000000e+01,4.4000000000e-02
1.7507497497e+02,1.3740061327e-03,2.2313690117e+01,8.6910000000e+02,5.5200000000e+01,4.4000000000e-02
1.7547537538e+02,1.3771485156e-03,2.2319362882e+01,8.6910000000e+02,5.5200000000e+01,4.4000000000e-02
1.7587577578e+02,1.3802908985e-03,2.2325022254e+01,8.6910000000e+02,5.5200000000e+01,4.4000000000e-02
1.7627617618e+02,1.3834332814e-03,2.2330668294e+01,8.6910000000e+02,5.5200000000e+01,4.4000000000e-02
1.7667657658e+02,1.3865756643e-03,2.2336301067e+01,8.6910000000e+02,5.5200000000e+01,4.4000000000e-02
1.7707697698e+02,1.3897180472e-03,2.2341920634e+01,8.6910000000e+02,5.5200000000e+01,4.4000000000e-02
1.7747737738e+02,1.3928604301e-03,2.2347527058e+01,8.6910000000e+02,5.5200000000e+01,4.4000000000e-02
1.7787777778e+02,1.3960028129e-03,2.2353120400e+01,8.6910000000e+02,5.5200000000e+01,4.4000000000e-02
1.7827817818e+02,1.3991451958e-03,2.2358700721e+01,8.6910000000e+02,5.5200000000e+01,4.4000000000e-02
1.7867857858e+02,1.4022875787e-03,2.2364268082e+01,8.6910000000e+02,5.5200000000e+01,4.4000000000e-02
1.7907897898e+02,1.4054299616e-03,2.2369822544e+01,8.6910000000e+02,5.5200000000e+01,4.4000000000e-02
1.7947937938e+02,1.4085723445e-03,2.2375364165e+01,8.6910000000e+02,5.5200000000e+01,4.4000000000e-02
1.7987977978e+02,1.4117147274e-03,2.2380893007e+01,8.6910000000e+02,5.5200000000e+01,4.4000000000e-02
1.8028018018e+02,1.4148571103e-03,2.2386409127e+01,8.6910000000e+02,5.5200000000e+01,4.4000000000e-02
1.8068058058e+02,1.4179994932e-03,2.2391912584e+01,8.6910000000e+02,5.5200000000e+01,4.4000000000e-02
1.8108098098e+02,1.4211418761e-03,2.2397403438e+01,8.6910000000e+02,5.5200000000e+01,4.4000000000e-02
1.8148138138e+02,1.4242842589e-03,2.2402881744e+01,8.6910000000e+02,5.5200000000e+01,4.4000000000e-02
1.8188178178e+02,1.4274266418e-03,2.2408347562e+01,8.6910000000e+02,5.5200000000e+01,4.4000000000e-02
1.8228218218e+02,1.4305690247e-03,2.2413800947e+01,8.6910000000e+02,5.5200000000e+01,4.4000000000e-02
1.8268258258e+02,1.4337114076e-03,2.2419241957e+01,8.6910000000e+02,5.5200000000e+01,4.4000000000e-02
1.8308298298e+02,1.4368537905e-03,2.2424670648e+01,8.6910000000e+02,5.5200000000e+01,4.4000000000e-02
1.8348338338e+02,1.4399961734e-03,2.2430087075e+01,8.6910000000e+02,5.5200000000e+01,4.4000000000e-02
1.8388378378e+02,1.4431385563e-03,2.2435491295e+01,8.6910000000e+02,5.5200000000e+01,4.4000000000e-02
1.8428418418e+02,1.4462809392e-03,2.2440883363e+01,8.6910000000e+02,5.5200000000e+01,4.4000000000e-02
1.8468458458e+02,1.4494233221e-03,2.2446263332e+01,8.6910000000e+02,5.5200000000e+01,4.4000000000e-02
1.8508498498e+02,1.4525657049e-03,2.2451631258e+01,8.6910000000e+02,5.5200000000e+01,4.4000000000e-02
1.8548538539e+02,1.4557080878e-03,2.2456987194e+01,8.6910000000e+02,5.5200000000e+01,4.4000000000e-02
1.8588578579e+02,1.4588504707e-03,2.2462331195e+01,8.6910000000e+02,5.5200000000e+01,4.4000000000e-02
1.8628618619e+02,1.4619928536e-03,2.2467663313e+01,8.6910000000e+02,5.5200000000e+01,4.4000000000e-02
1.8668658659e+02,1.4651352365e-03,2.2472983602e+01,8.6910000000e+02,5.5200000000e+01,4.4000000000e-02
1.8708698699e+02,1.4682776194e-03,2.2478292113e+01,8.6910000000e+02,5.5200000000e+01,4.4000000000e-02
1.8748738739e+02,1.4714200023e-03,2.2483588900e+01,8.6910000000e+02,5.5200000000e+01,4.4000000000e-02
1.8788778779e+02,1.4745623852e-03,2.2488874014e+01,8.6910000000e+02,5.5200000000e+01,4.4000000000e-02
1.8828818819e+02,1.4777047681e-03,2.2494147507e+01,8.6910000000e+02,5.5200000000e+01,4.4000000000e-02
1.8868858859e+02,1.4808471509e-03,2.2499409430e+01,8.6910000000e+02,5.5200000000e+01,4.4000000000e-02
1.8908898899e+02,1.4839895338e-03,2.2504659833e+01,8.6910000000e+02,5.5200000000e+01,4.4000000000e-02
1.8948938939e+02,1.4871319167e-03,2.2509898768e+01,8.6910000000e+02,5.5200000000e+01,4.4000000000e-02
1.8988978979e+02,1.4902742996e-03,2.2515126284e+01,8.6910000000e+02,5.5200000000e+01,4.4000000000e-02
1.9029019019e+02,1.4934166825e-03,2.2520342431e+01,8.6910000000e+02,5.5200000000e+01,4.4000000000e-02
1.9069059059e+02,1.4965590654e-03,2.2525547260e+01,8.6910000000e+02,5.5200000000e+01,4.4000000000e-02
1.9109099099e+02,1.4997014483e-03,2.2530740818e+01,8.6910000000e+02,5.5200000000e+01,4.4000000000e-02
1.9149139139e+02,1.5028438312e-03,2.2535923156e+01,8.6910000000e+02,5.5200000000e+01,4.4000000000e-02
1.9189179179e+02,1.5059862141e-03,2.2541094321e+01,8.6910000000e+02,5.5200000000e+01,4.4000000000e-02
1.9229219219e+02,1.5091285970e-03,2.2546254362e+01,8.6910000000e+02,5.5200000000e+01,4.4000000000e-02
1.9269259259e+02,1.5122709798e-03,2.2551403327e+01,8.6910000000e+02,5.5200000000e+01,4.4000000000e-02
1.9309299299e+02,1.5154133627e-03,2.2556541263e+01,8.6910000000e+02,5.5200000000e+01,4.4000000000e-02
1.9349339339e+02,1.5185557456e-03,2.2561668218e+01,8.6910000000e+02,5.5200000000e+01,4.4000000000e-02
1.9389379379e+02,1.5216981285e-03,2.2566784239e+01,8.6910000000e+02,5.5200000000e+01,4.4000000000e-02
1.9429419419e+02,1.5248405114e-03,2.2571889372e+01,8.6910000000e+02,5.5200000000e+01,4.4000000000e-02
1.9469459459e+02,1.5279828943e-03,2.2576983665e+01,8.6910000000e+02,5.5200000000e+01,4.4000000000e-02
1.9509499499e+02,1.5311252772e-03,2.2582067162e+01,8.6910000000e+02,5.5200000000e+01,4.4000000000e-02
1.9549539540e+02,1.5342676601e-03,2.2587139911e+01,8.6910000000e+02,5.5200000000e+01,4.4000000000e-02
1.9589579580e+02,1.5374100430e-03,2.2592201955e+01,8.6910000000e+02,5.5200000000e+01,4.4000000000e-02
1.9629619620e+02,1.5405524258e-03,2.2597253342e+01,8.6910000000e+02,5.5200000000e+01,4.4000000000e-02
1.9669659660e+02,1.5436948087e-03,2.2602294115e+01,8.6910000000e+02,5.5200000000e+01,4.4000000000e-02
1.9709699700e+02,1.5468371916e-03,2.2607324320e+01,8.6910000000e+02,5.5200000000e+01,4.4000000000e-02
1.9749739740e+02,1.5499795745e-03,2.2612344001e+01,8.6910000000e+02,5.5200000000e+01,4.4000000000e-02
1.9789779780e+02,1.5531219574e-03,2.2617353201e+01,8.6910000000e+02,5.5200000000e+01,4.4000000000e-02
1.9829819820e+02,1.5562643403e-03,2.2622351966e+01,8.6910000000e+02,5.5200000000e+01,4.4000000000e-02
1.9869859860e+02,1.5594067232e-03,2.2627340337e+01,8.6910000000e+02,5.5200000000e+01,4.4000000000e-02
1.9909899900e+02,1.5625491061e-03,2.2632318359e+01,8.6910000000e+02,5.5200000000e+01,4.4000000000e-02
1.9949939940e+02,1.5656914890e-03,2.2637286075e+01,8.6910000000e+02,5.5200000000e+01,4.4000000000e-02
1.9989979980e+02,1.5688338718e-03,2.2642243528e+01,8.6910000000e+02,5.5200000000e+01,4.4000000000e-02
2.0030020020e+02,1.5719762547e-03,2.2647190759e+01,8.6910000000e+02,5.5200000000e+01,4.4000000000e-02
2.0070060060e+02,1.5751186376e-03,2.2652127811e+01,8.6910000000e+02,5.5200000000e+01,4.4000000000e-02
2.0110100100e+02,1.5782610205e-03,2.2657054727e+01,8.6910000000e+02,5.5200000000e+01,4.4000000000e-02
2.0150140140e+02,1.5814034034e-03,2.2661971547e+01,8.6910000000e+02,5.5200000000e+01,4.4000000000e-02
2.0190180180e+02,1.5845457863e-03,2.2666878314e+01,8.6910000000e+02,5.5200000000e+01,4.4000000000e-02
2.0230220220e+02,1.5876881692e-03,2.2671775068e+01,8.6910000000e+02,5.5200000000e+01,4.4000000000e-02
2.0270260260e+02,1.5908305521e-03,2.2676661850e+01,8.6910000000e+02,5.5200000000e+01,4.4000000000e-02
2.0310300300e+02,1.5939729350e-03,2.2681538702e+01,8.6910000000e+02,5.5200000000e+01,4.4000000000e-02
2.0350340340e+02,1.5971153178e-03,2.2686405663e+01,8.6910000000e+02,5.5200000000e+01,4.4000000000e-02
2.0390380380e+02,1.6002577007e-03,2.2691262774e+01,8.6910000000e+02,5.5200000000e+01,4.4000000000e-02
2.0430420420e+02,1.6034000836e-03,2.2696110075e+01,8.6910000000e+02,5.5200000000e+01,4.4000000000e-02
2.0470460460e+02,1.6065424665e-03,2.2700947605e+01,8.6910000000e+02,5.5200000000e+01,4.4000000000e-02
2.0510500501e+02,1.6096848494e-03,2.2705775404e+01,8.6910000000e+02,5.5200000000e+01,4.4000000000e-02
2.0550540541e+02,1.6128272323e-03,2.2710593511e+01,8.6910000000e+02,5.5200000000e+01,4.4000000000e-02
2.0590580581e+02,1.6159696152e-03,2.2715401965e+01,8.6910000000e+02,5.5200000000e+01,4.4000000000e-02
2.0630620621e+02,1.6191119981e-03,2.2720200805e+01,8.6910000000e+02,5.5200000000e+01,4.4000000000e-02
2.0670660661e+02,1.6222543810e-03,2.2724990070e+01,8.6910000000e+02,5.5200000000e+01,4.4000000000e-02
2.0710700701e+02,1.6253967639e-03,2.2729769797e+01,8.6910000000e+02,5.5200000000e+01,4.4000000000e-02
2.0750740741e+02,1.6285391467e-03,2.2734540024e+01,8.6910000000e+02,5.5200000000e+01,4.4000000000e-02
2.0790780781e+02,1.6316815296e-03,2.2739300791e+01,8.6910000000e+02,5.5200000000e+01,4.4000000000e-02
2.0830820821e+02,1.6348239125e-03,2.2744052133e+01,8.6910000000e+02,5.5200000000e+01,4.4000000000e-02
2.0870860861e+02,1.6379662954e-03,2.2748794090e+01,8.6910000000e+02,5.5200000000e+01,4.4000000000e-02
2.0910900901e+02,1.6411086783e-03,2.2753526696e+01,8.6910000000e+02,5.5200000000e+01,4.4000000000e-02
2.0950940941e+02,1.6442510612e-03,2.2758249991e+01,8.6910000000e+02,5.5200000000e+01,4.4000000000e-02
2.0990980981e+02,1.6473934441e-03,2.2762964010e+01,8.6910000000e+02,5.5200000000e+01,4.4000000000e-02
2.1031021021e+02,1.6505358270e-03,2.2767668790e+01,8.6910000000e+02,5.5200000000e+01,4.4000000000e-02
2.1071061061e+02,1.6536782099e-03,2.2772364367e+01,8.6910000000e+02,5.5200000000e+01,4.4000000000e-02
2.1111101101e+02,1.6568205927e-03,2.2777050777e+01,8.6910000000e+02,5.5200000000e+01,4.4000000000e-02
2.1151141141e+02,1.6599629756e-03,2.2781728056e+01,8.6910000000e+02,5.5200000000e+01,4.4000000000e-02
2.1191181181e+02,1.6631053585e-03,2.2786396240e+01,8.6910000000e+02,5.5200000000e+01,4.4000000000e-02
2.1231221221e+02,1.6662477414e-03,2.2791055365e+01,8.6910000000e+02,5.5200000000e+01,4.4000000000e-02
2.1271261261e+02,1.6693901243e-03,2.2795705465e+01,8.6910000000e+02,5.5200000000e+01,4.4000000000e-02
2.1311301301e+02,1.6725325072e-03,2.2800346575e+01,8.6910000000e+02,5.5200000000e+01,4.4000000000e-02
2.1351341341e+02,1.6756748901e-03,2.2804978731e+01,8.6910000000e+02,5.5200000000e+01,4.4000000000e-02
2.1391381381e+02,1.6788172730e-03,2.2809601966e+01,8.6910000000e+02,5.5200000000e+01,4.4000000000e-02
2.1431421421e+02,1.6819596559e-03,2.2814216316e+01,8.6910000000e+02,5.5200000000e+01,4.4000000000e-02
2.1471461461e+02,1.6851020387e-03,2.2818821815e+01,8.6910000000e+02,5.5200000000e+01,4.4000000000e-02
2.1511501502e+02,1.6882444216e-03,2.2823418496e+01,8.6910000000e+02,5.5200000000e+01,4.4000000000e-02
2.1551541542e+02,1.6913868045e-03,2.2828006394e+01,8.6910000000e+02,5.5200000000e+01,4.4000000000e-02
2.1591581582e+02,1.6945291874e-03,2.2832585541e+01,8.6910000000e+02,5.5200000000e+01,4.4000000000e-02
2.1631621622e+02,1.6976715703e-03,2.2837155973e+01,8.6910000000e+02,5.5200000000e+01,4.4000000000e-02
2.1671661662e+02,1.7008139532e-03,2.2841717721e+01,8.6910000000e+02,5.5200000000e+01,4.4000000000e-02
2.1711701702e+02,1.7039563361e-03,2.2846270819e+01,8.6910000000e+02,5.5200000000e+01,4.4000000000e-02
2.1751741742e+02,1.7070987190e-03,2.2850815299e+01,8.6910000000e+02,5.5200000000e+01,4.4000000000e-02
2.1791781782e+02,1.7102411019e-03,2.2855351195e+01,8.6910000000e+02,5.5200000000e+01,4.4000000000e-02
2.1831821822e+02,1.7133834848e-03,2.2859878539e+01,8.6910000000e+02,5.5200000000e+01,4.4000000000e-02
2.1871861862e+02,1.7165258676e-03,2.2864397364e+01,8.6910000000e+02,5.5200000000e+01,4.4000000000e-02
2.1911901902e+02,1.7196682505e-03,2.2868907700e+01,8.6910000000e+02,5.5200000000e+01,4.4000000000e-02
2.1951941942e+02,1.7228106334e-03,2.2873409581e+01,8.6910000000e+02,5.5200000000e+01,4.4000000000e-02
2.1991981982e+02,1.7259530163e-03,2.2877903038e+01,8.6910000000e+02,5.5200000000e+01,4.4000000000e-02
2.2032022022e+02,1.7290953992e-03,2.2882388103e+01,8.6910000000e+02,5.5200000000e+01,4.4000000000e-02
2.2072062062e+02,1.7322377821e-03,2.2886864807e+01,8.6910000000e+02,5.5200000000e+01,4.4000000000e-02
2.2112102102e+02,1.7353801650e-03,2.2891333181e+01,8.6910000000e+02,5.5200000000e+01,4.4000000000e-02
2.2152142142e+02,1.7385225479e-03,2.2895793256e+01,8.6910000000e+02,5.5200000000e+01,4.4000000000e-02
2.2192182182e+02,1.7416649308e-03,2.2900245064e+01,8.6910000000e+02,5.5200000000e+01,4.4000000000e-02
2.2232222222e+02,1.7448073136e-03,2.2904688635e+01,8.6910000000e+02,5.5200000000e+01,4.4000000000e-02
2.2272262262e+02,1.7479496965e-03,2.2909123999e+01,8.6910000000e+02,5.5200000000e+01,4.4000000000e-02
2.2312302302e+02,1.7510920794e-03,2.2913551188e+01,8.6910000000e+02,5.5200000000e+01,4.4000000000e-02
2.2352342342e+02,1.7542344623e-03,2.2917970230e+01,8.6910000000e+02,5.5200000000e+01,4.4000000000e-02
2.2392382382e+02,1.7573768452e-03,2.2922381157e+01,8.6910000000e+02,5.5200000000e+01,4.4000000000e-02
2.2432422422e+02,1.7605192281e-03,2.2926783997e+01,8.6910000000e+02,5.5200000000e+01,4.4000000000e-02
2.2472462462e+02,1.7636616110e-03,2.2931178782e+01,8.6910000000e+02,5.5200000000e+01,4.4000000000e-02
2.2512502503e+02,1.7668039939e-03,2.2935565539e+01,8.6910000000e+02,5.5200000000e+01,4.4000000000e-02
2.2552542543e+02,1.7699463768e-03,2.2939944300e+01,8.6910000000e+02,5.5200000000e+01,4.4000000000e-02
2.2592582583e+02,1.7730887596e-03,2.2944315092e+01,8.6910000000e+02,5.5200000000e+01,4.4000000000e-02
2.2632622623e+02,1.7762311425e-03,2.2948677945e+01,8.6910000000e+02,5.5200000000e+01,4.4000000000e-02
2.2672662663e+02,1.7793735254e-03,2.2953032888e+01,8.6910000000e+02,5.5200000000e+01,4.4000000000e-02
2.2712702703e+02,1.7825159083e-03,2.2957379950e+01,8.6910000000e+02,5.5200000000e+01,4.4000000000e-02
2.2752742743e+02,1.7856582912e-03,2.2961719159e+01,8.6910000000e+02,5.5200000000e+01,4.4000000000e-02
2.2792782783e+02,1.7888006741e-03,2.2966050543e+01,8.6910000000e+02,5.5200000000e+01,4.4000000000e-02
2.2832822823e+02,1.7919430570e-03,2.2970374132e+01,8.6910000000e+02,5.5200000000e+01,4.4000000000e-02
2.2872862863e+02,1.7950854399e-03,2.2974689952e+01,8.6910000000e+02,5.5200000000e+01,4.4000000000e-02
2.2912902903e+02,1.7982278228e-03,2.2978998033e+01,8.6910000000e+02,5.5200000000e+01,4.4000000000e-02
2.2952942943e+02,1.8013702056e-03,2.2983298401e+01,8.6910000000e+02,5.5200000000e+01,4.4000000000e-02
2.2992982983e+02,1.8045125885e-03,2.2987591085e+01,8.6910000000e+02,5.5200000000e+01,4.4000000000e-02
2.3033023023e+02,1.8076549714e-03,2.2991876111e+01,8.6910000000e+02,5.5200000000e+01,4.4000000000e-02
2.3073063063e+02,1.8107973543e-03,2.2996153509e+01,8.6910000000e+02,5.5200000000e+01,4.4000000000e-02
2.3113103103e+02,1.8139397372e-03,2.3000423303e+01,8.6910000000e+02,5.5200000000e+01,4.4000000000e-02
2.3153143143e+02,1.8170821201e-03,2.3004685523e+01,8.6910000000e+02,5.5200000000e+01,4.4000000000e-02
2.3193183183e+02,1.8202245030e-03,2.3008940194e+01,8.6910000000e+02,5.5200000000e+01,4.4000000000e-02
2.3233223223e+02,1.8233668859e-03,2.3013187344e+01,8.6910000000e+02,5.5200000000e+01,4.4000000000e-02
2.3273263263e+02,1.8265092688e-03,2.3017426998e+01,8.6910000000e+02,5.5200000000e+01,4.4000000000e-02
2.3313303303e+02,1.8296516517e-03,2.3021659185e+01,8.6910000000e+02,5.5200000000e+01,4.4000000000e-02
2.3353343343e+02,1.8327940345e-03,2.3025883929e+01,8.6910000000e+02,5.5200000000e+01,4.4000000000e-02
2.3393383383e+02,1.8359364174e-03,2.3030101257e+01,8.6910000000e+02,5.5200000000e+01,4.4000000000e-02
2.3433423423e+02,1.8390788003e-03,2.3034311196e+01,8.6910000000e+02,5.5200000000e+01,4.4000000000e-02
2.3473463463e+02,1.8422211832e-03,2.3038513771e+01,8.6910000000e+02,5.5200000000e+01,4.4000000000e-02
2.3513503504e+02,1.8453635661e-03,2.3042709008e+01,8.6910000000e+02,5.5200000000e+01,4.4000000000e-02
2.3553543544e+02,1.8485059490e-03,2.3046896933e+01,8.6910000000e+02,5.5200000000e+01,4.4000000000e-02
2.3593583584e+02,1.8516483319e-03,2.3051077571e+01,8.6910000000e+02,5.5200000000e+01,4.4000000000e-02
2.3633623624e+02,1.8547907148e-03,2.3055250947e+01,8.6910000000e+02,5.5200000000e+01,4.4000000000e-02
2.3673663664e+02,1.8579330977e-03,2.3059417088e+01,8.6910000000e+02,5.5200000000e+01,4.4000000000e-02
2.3713703704e+02,1.8610754805e-03,2.3063576018e+01,8.6910000000e+02,5.5200000000e+01,4.4000000000e-02
2.3753743744e+02,1.8642178634e-03,2.3067727762e+01,8.6910000000e+02,5.5200000000e+01,4.4000000000e-02
2.3793783784e+02,1.8673602463e-03,2.3071872345e+01,8.6910000000e+02,5.5200000000e+01,4.4000000000e-02
2.3833823824e+02,1.8705026292e-03,2.3076009792e+01,8.6910000000e+02,5.5200000000e+01,4.4000000000e-02
2.3873863864e+02,1.8736450121e-03,2.3080140127e+01,8.6910000000e+02,5.5200000000e+01,4.4000000000e-02
2.3913903904e+02,1.8767873950e-03,2.3084263375e+01,8.6910000000e+02,5.5200000000e+01,4.4000000000e-02
2.3953943944e+02,1.8799297779e-03,2.3088379560e+01,8.6910000000e+02,5.5200000000e+01,4.4000000000e-02
2.3993983984e+02,1.8830721608e-03,2.3092488707e+01,8.6910000000e+02,5.5200000000e+01,4.4000000000e-02
2.4034024024e+02,1.8862145437e-03,2.3096590839e+01,8.6910000000e+02,5.5200000000e+01,4.4000000000e-02
2.4074064064e+02,1.8893569265e-03,2.3100685982e+01,8.6910000000e+02,5.5200000000e+01,4.4000000000e-02
2.4114104104e+02,1.8924993094e-03,2.3104774157e+01,8.6910000000e+02,5.5200000000e+01,4.4000000000e-02
2.4154144144e+02,1.8956416923e-03,2.3108855390e+01,8.6910000000e+02,5.5200000000e+01,4.4000000000e-02
2.4194184184e+02,1.8987840752e-03,2.3112929704e+01,8.6910000000e+02,5.5200000000e+01,4.4000000000e-02
2.4234224224e+02,1.9019264581e-03,2.3116997122e+01,8.6910000000e+02,5.5200000000e+01,4.4000000000e-02
2.4274264264e+02,1.9050688410e-03,2.3121057668e+01,8.6910000000e+02,5.5200000000e+01,4.4000000000e-02
2.4314304304e+02,1.9082112239e-03,2.3125111366e+01,8.6910000000e+02,5.5200000000e+01,4.4000000000e-02
2.4354344344e+02,1.9113536068e-03,2.3129158237e+01,8.6910000000e+02,5.5200000000e+01,4.4000000000e-02
2.4394384384e+02,1.9144959897e-03,2.3133198306e+01,8.6910000000e+02,5.5200000000e+01,4.4000000000e-02
2.4434424424e+02,1.9176383725e-03,2.3137231595e+01,8.6910000000e+02,5.5200000000e+01,4.4000000000e-02
2.4474464464e+02,1.9207807554e-03,2.3141258127e+01,8.6910000000e+02,5.5200000000e+01,4.4000000000e-02
2.4514504505e+02,1.9239231383e-03,2.3145277924e+01,8.6910000000e+02,5.5200000000e+01,4.4000000000e-02
2.4554544545e+02,1.9270655212e-03,2.3149291010e+01,8.6910000000e+02,5.5200000000e+01,4.4000000000e-02
2.4594584585e+02,1.9302079041e-03,2.3153297407e+01,8.6910000000e+02,5.5200000000e+01,4.4000000000e-02
2.4634624625e+02,1.9333502870e-03,2.3157297137e+01,8.6910000000e+02,5.5200000000e+01,4.4000000000e-02
2.4674664665e+02,1.9364926699e-03,2.3161290222e+01,8.6910000000e+02,5.5200000000e+01,4.4000000000e-02
2.4714704705e+02,1.9396350528e-03,2.3165276684e+01,8.6910000000e+02,5.5200000000e+01,4.4000000000e-02
2.4754744745e+02,1.9427774357e-03,2.3169256546e+01,8.6910000000e+02,5.5200000000e+01,4.4000000000e-02
2.4794784785e+02,1.9459198186e-03,2.3173229830e+01,8.6910000000e+02,5.5200000000e+01,4.4000000000e-02
2.4834824825e+02,1.9490622014e-03,2.3177196556e+01,8.6910000000e+02,5.5200000000e+01,4.4000000000e-02
2.4874864865e+02,1.9522045843e-03,2.3181156747e+01,8.6910000000e+02,5.5200000000e+01,4.4000000000e-02
2.4914904905e+02,1.9553469672e-03,2.3185110425e+01,8.6910000000e+02,5.5200000000e+01,4.4000000000e-02
2.4954944945e+02,1.9584893501e-03,2.3189057611e+01,8.6910000000e+02,5.5200000000e+01,4.4000000000e-02
2.4994984985e+02,1.9616317330e-03,2.3192998326e+01,8.6910000000e+02,5.5200000000e+01,4.4000000000e-02
2.5035025025e+02,1.9647741159e-03,2.3196932592e+01,8.6910000000e+02,5.5200000000e+01,4.4000000000e-02
2.5075065065e+02,1.9679164988e-03,2.3200860429e+01,8.6910000000e+02,5.5200000000e+01,4.4000000000e-02
2.5115105105e+02,1.9710588817e-03,2.3204781859e+01,8.6910000000e+02,5.5200000000e+01,4.4000000000e-02
2.5155145145e+02,1.9742012646e-03,2.3208696902e+01,8.6910000000e+02,5.5200000000e+01,4.4000000000e-02
2.5195185185e+02,1.9773436474e-03,2.3212605581e+01,8.6910000000e+02,5.5200000000e+01,4.4000000000e-02
2.5235225225e+02,1.9804860303e-03,2.3216507914e+01,8.6910000000e+02,5.5200000000e+01,4.4000000000e-02
2.5275265265e+02,1.9836284132e-03,2.3220403924e+01,8.6910000000e+02,5.5200000000e+01,4.4000000000e-02
2.5315305305e+02,1.9867707961e-03,2.3224293630e+01,8.6910000000e+02,5.5200000000e+01,4.4000000000e-02
2.5355345345e+02,1.9899131790e-03,2.3228177052e+01,8.6910000000e+02,5.5200000000e+01,4.4000000000e-02
2.5395385385e+02,1.9930555619e-03,2.3232054213e+01,8.6910000000e+02,5.5200000000e+01,4.4000000000e-02
2.5435425425e+02,1.9961979448e-03,2.3235925130e+01,8.6910000000e+02,5.5200000000e+01,4.4000000000e-02
2.5475465465e+02,1.9993403277e-03,2.3239789826e+01,8.6910000000e+02,5.5200000000e+01,4.4000000000e-02
2.5515505506e+02,2.0024827106e-03,2.3243648319e+01,8.6910000000e+02,5.5200000000e+01,4.4000000000e-02
2.5555545546e+02,2.0056250934e-03,2.3247500629e+01,8.6910000000e+02,5.5200000000e+01,4.4000000000e-02
2.5595585586e+02,2.0087674763e-03,2.3251346777e+01,8.6910000000e+02,5.5200000000e+01,4.4000000000e-02
2.5635625626e+02,2.0119098592e-03,2.3255186783e+01,8.6910000000e+02,5.5200000000e+01,4.4000000000e-02
2.5675665666e+02,2.0150522421e-03,2.3259020665e+01,8.6910000000e+02,5.5200000000e+01,4.4000000000e-02
2.5715705706e+02,2.0181946250e-03,2.3262848444e+01,8.6910000000e+02,5.5200000000e+01,4.4000000000e-02
2.5755745746e+02,2.0213370079e-03,2.3266670139e+01,8.6910000000e+02,5.5200000000e+01,4.4000000000e-02
2.5795785786e+02,2.0244793908e-03,2.3270485769e+01,8.6910000000e+02,5.5200000000e+01,4.4000000000e-02
2.5835825826e+02,2.0276217737e-03,2.3274295354e+01,8.6910000000e+02,5.5200000000e+01,4.4000000000e-02
2.5875865866e+02,2.0307641566e-03,2.3278098913e+01,8.6910000000e+02,5.5200000000e+01,4.4000000000e-02
2.5915905906e+02,2.0339065395e-03,2.3281896465e+01,8.6910000000e+02,5.5200000000e+01,4.4000000000e-02
2.5955945946e+02,2.0370489223e-03,2.3285688029e+01,8.6910000000e+02,5.5200000000e+01,4.4000000000e-02
2.5995985986e+02,2.0401913052e-03,2.3289473623e+01,8.6910000000e+02,5.5200000000e+01,4.4000000000e-02
2.6036026026e+02,2.0433336881e-03,2.3293253268e+01,8.6910000000e+02,5.5200000000e+01,4.4000000000e-02
2.6076066066e+02,2.0464760710e-03,2.3297026981e+01,8.6910000000e+02,5.5200000000e+01,4.4000000000e-02
2.6116106106e+02,2.0496184539e-03,2.3300794781e+01,8.6910000000e+02,5.5200000000e+01,4.4000000000e-02
2.6156146146e+02,2.0527608368e-03,2.3304556686e+01,8.6910000000e+02,5.5200000000e+01,4.4000000000e-02
2.6196186186e+02,2.0559032197e-03,2.3308312716e+01,8.6910000000e+02,5.5200000000e+01,4.4000000000e-02
2.6236226226e+02,2.0590456026e-03,2.3312062889e+01,8.6910000000e+02,5.5200000000e+01,4.4000000000e-02
2.6276266266e+02,2.0621879855e-03,2.3315807222e+01,8.6910000000e+02,5.5200000000e+01,4.4000000000e-02
2.6316306306e+02,2.0653303683e-03,2.3319545735e+01,8.6910000000e+02,5.5200000000e+01,4.4000000000e-02
2.6356346346e+02,2.0684727512e-03,2.3323278445e+01,8.6910000000e+02,5.5200000000e+01,4.4000000000e-02
2.6396386386e+02,2.0716151341e-03,2.3327005370e+01,8.6910000000e+02,5.5200000000e+01,4.4000000000e-02
2.6436426426e+02,2.0747575170e-03,2.3330726529e+01,8.6910000000e+02,5.5200000000e+01,4.4000000000e-02
2.6476466466e+02,2.0778998999e-03,2.3334441939e+01,8.6910000000e+02,5.5200000000e+01,4.4000000000e-02
2.6516506507e+02,2.0810422828e-03,2.3338151617e+01,8.6910000000e+02,5.5200000000e+01,4.4000000000e-02
2.6556546547e+02,2.0841846657e-03,2.3341855583e+01,8.6910000000e+02,5.5200000000e+01,4.4000000000e-02
2.6596586587e+02,2.0873270486e-03,2.3345553852e+01,8.6910000000e+02,5.5200000000e+01,4.4000000000e-02
2.6636626627e+02,2.0904694315e-03,2.3349246444e+01,8.6910000000e+02,5.5200000000e+01,4.4000000000e-02
2.6676666667e+02,2.0936118143e-03,2.3352933375e+01,8.6910000000e+02,5.5200000000e+01,4.4000000000e-02
2.6716706707e+02,2.0967541972e-03,2.3356614663e+01,8.6910000000e+02,5.5200000000e+01,4.4000000000e-02
2.6756746747e+02,2.0998965801e-03,2.3360290325e+01,8.6910000000e+02,5.5200000000e+01,4.4000000000e-02
2.6796786787e+02,2.1030389630e-03,2.3363960378e+01,8.6910000000e+02,5.5200000000e+01,4.4000000000e-02
2.6836826827e+02,2.1061813459e-03,2.3367624840e+01,8.6910000000e+02,5.5200000000e+01,4.4000000000e-02
2.6876866867e+02,2.1093237288e-03,2.3371283727e+01,8.6910000000e+02,5.5200000000e+01,4.4000000000e-02
2.6916906907e+02,2.1124661117e-03,2.3374937057e+01,8.6910000000e+02,5.5200000000e+01,4.4000000000e-02
2.6956946947e+02,2.1156084946e-03,2.3378584846e+01,8.6910000000e+02,5.5200000000e+01,4.4000000000e-02
2.6996986987e+02,2.1187508775e-03,2.3382227112e+01,8.6910000000e+02,5.5200000000e+01,4.4000000000e-02
2.7037027027e+02,2.1218932603e-03,2.3385863870e+01,8.6910000000e+02,5.5200000000e+01,4.4000000000e-02
2.7077067067e+02,2.1250356432e-03,2.3389495139e+01,8.6910000000e+02,5.5200000000e+01,4.4000000000e-02
2.7117107107e+02,2.1281780261e-03,2.3393120934e+01,8.6910000000e+02,5.5200000000e+01,4.4000000000e-02
2.7157147147e+02,2.1313204090e-03,2.3396741271e+01,8.6910000000e+02,5.5200000000e+01,4.4000000000e-02
2.7197187187e+02,2.1344627919e-03,2.3400356169e+01,8.6910000000e+02,5.5200000000e+01,4.4000000000e-02
2.7237227227e+02,2.1376051748e-03,2.3403965641e+01,8.6910000000e+02,5.5200000000e+01,4.4000000000e-02
2.7277267267e+02,2.1407475577e-03,2.3407569706e+01,8.6910000000e+02,5.5200000000e+01,4.4000000000e-02
2.7317307307e+02,2.1438899406e-03,2.3411168380e+01,8.6910000000e+02,5.5200000000e+01,4.4000000000e-02
2.7357347347e+02,2.1470323235e-03,2.3414761678e+01,8.6910000000e+02,5.5200000000e+01,4.4000000000e-02
2.7397387387e+02,2.1501747064e-03,2.3418349616e+01,8.6910000000e+02,5.5200000000e+01,4.4000000000e-02
2.7437427427e+02,2.1533170892e-03,2.3421932211e+01,8.6910000000e+02,5.5200000000e+01,4.4000000000e-02
2.7477467467e+02,2.1564594721e-03,2.3425509479e+01,8.6910000000e+02,5.5200000000e+01,4.4000000000e-02
2.7517507508e+02,2.1596018550e-03,2.3429081435e+01,8.6910000000e+02,5.5200000000e+01,4.4000000000e-02
2.7557547548e+02,2.1627442379e-03,2.3432648095e+01,8.6910000000e+02,5.5200000000e+01,4.4000000000e-02
2.7597587588e+02,2.1658866208e-03,2.3436209475e+01,8.6910000000e+02,5.5200000000e+01,4.4000000000e-02
2.7637627628e+02,2.1690290037e-03,2.3439765591e+01,8.6910000000e+02,5.5200000000e+01,4.4000000000e-02
2.7677667668e+02,2.1721713866e-03,2.3443316459e+01,8.6910000000e+02,5.5200000000e+01,4.4000000000e-02
2.7717707708e+02,2.1753137695e-03,2.3446862093e+01,8.6910000000e+02,5.5200000000e+01,4.4000000000e-02
2.7757747748e+02,2.1784561524e-03,2.3450402509e+01,8.6910000000e+02,5.5200000000e+01,4.4000000000e-02
2.7797787788e+02,2.1815985352e-03,2.3453937723e+01,8.6910000000e+02,5.5200000000e+01,4.4000000000e-02
2.7837827828e+02,2.1847409181e-03,2.3457467750e+01,8.6910000000e+02,5.5200000000e+01,4.4000000000e-02
2.7877867868e+02,2.1878833010e-03,2.3460992605e+01,8.6910000000e+02,5.5200000000e+01,4.4000000000e-02
2.7917907908e+02,2.1910256839e-03,2.3464512304e+01,8.6910000000e+02,5.5200000000e+01,4.4000000000e-02
2.7957947948e+02,2.1941680668e-03,2.3468026861e+01,8.6910000000e+02,5.5200000000e+01,4.4000000000e-02
2.7997987988e+02,2.1973104497e-03,2.3471536291e+01,8.6910000000e+02,5.5200000000e+01,4.4000000000e-02
2.8038028028e+02,2.2004528326e-03,2.3475040611e+01,8.6910000000e+02,5.5200000000e+01,4.4000000000e-02
2.8078068068e+02,2.2035952155e-03,2.3478539833e+01,8.6910000000e+02,5.5200000000e+01,4.4000000000e-02
2.8118108108e+02,2.2067375984e-03,2.3482033975e+01,8.6910000000e+02,5.5200000000e+01,4.4000000000e-02
2.8158148148e+02,2.2098799812e-03,2.3485523049e+01,8.6910000000e+02,5.5200000000e+01,4.4000000000e-02
2.8198188188e+02,2.2130223641e-03,2.3489007071e+01,8.6910000000e+02,5.5200000000e+01,4.4000000000e-02
2.8238228228e+02,2.2161647470e-03,2.3492486056e+01,8.6910000000e+02,5.5200000000e+01,4.4000000000e-02
2.8278268268e+02,2.2193071299e-03,2.3495960018e+01,8.6910000000e+02,5.5200000000e+01,4.4000000000e-02
2.8318308308e+02,2.2224495128e-03,2.3499428971e+01,8.6910000000e+02,5.5200000000e+01,4.4000000000e-02
2.8358348348e+02,2.2255918957e-03,2.3502892931e+01,8.6910000000e+02,5.5200000000e+01,4.4000000000e-02
2.8398388388e+02,2.2287342786e-03,2.3506351911e+01,8.6910000000e+02,5.5200000000e+01,4.4000000000e-02
2.8438428428e+02,2.2318766615e-03,2.3509805926e+01,8.6910000000e+02,5.5200000000e+01,4.4000000000e-02
2.8478468468e+02,2.2350190444e-03,2.3513254991e+01,8.6910000000e+02,5.5200000000e+01,4.4000000000e-02
2.8518508509e+02,2.2381614273e-03,2.3516699119e+01,8.6910000000e+02,5.5200000000e+01,4.4000000000e-02
2.8558548549e+02,2.2413038101e-03,2.3520138324e+01,8.6910000000e+02,5.5200000000e+01,4.4000000000e-02
2.8598588589e+02,2.2444461930e-03,2.3523572621e+01,8.6910000000e+02,5.5200000000e+01,4.4000000000e-02
2.8638628629e+02,2.2475885759e-03,2.3527002024e+01,8.6910000000e+02,5.5200000000e+01,4.4000000000e-02
2.8678668669e+02,2.2507309588e-03,2.3530426547e+01,8.6910000000e+02,5.5200000000e+01,4.4000000000e-02
2.8718708709e+02,2.2538733417e-03,2.3533846203e+01,8.6910000000e+02,5.5200000000e+01,4.4000000000e-02
2.8758748749e+02,2.2570157246e-03,2.3537261007e+01,8.6910000000e+02,5.5200000000e+01,4.4000000000e-02
2.8798788789e+02,2.2601581075e-03,2.3540670972e+01,8.6910000000e+02,5.5200000000e+01,4.4000000000e-02
2.8838828829e+02,2.2633004904e-03,2.3544076112e+01,8.6910000000e+02,5.5200000000e+01,4.4000000000e-02
2.8878868869e+02,2.2664428733e-03,2.3547476440e+01,8.6910000000e+02,5.5200000000e+01,4.4000000000e-02
2.8918908909e+02,2.2695852561e-03,2.3550871972e+01,8.6910000000e+02,5.5200000000e+01,4.4000000000e-02
2.8958948949e+02,2.2727276390e-03,2.3554262719e+01,8.6910000000e+02,5.5200000000e+01,4.4000000000e-02
2.8998988989e+02,2.2758700219e-03,2.3557648695e+01,8.6910000000e+02,5.5200000000e+01,4.4000000000e-02
2.9039029029e+02,2.2790124048e-03,2.3561029915e+01,8.6910000000e+02,5.5200000000e+01,4.4000000000e-02
2.9079069069e+02,2.2821547877e-03,2.3564406390e+01,8.6910000000e+02,5.5200000000e+01,4.4000000000e-02
2.9119109109e+02,2.2852971706e-03,2.3567778136e+01,8.6910000000e+02,5.5200000000e+01,4.4000000000e-02
2.9159149149e+02,2.2884395535e-03,2.3571145164e+01,8.6910000000e+02,5.5200000000e+01,4.4000000000e-02
2.9199189189e+02,2.2915819364e-03,2.3574507489e+01,8.6910000000e+02,5.5200000000e+01,4.4000000000e-02
2.9239229229e+02,2.2947243193e-03,2.3577865122e+01,8.6910000000e+02,5.5200000000e+01,4.4000000000e-02
2.9279269269e+02,2.2978667021e-03,2.3581218078e+01,8.6910000000e+02,5.5200000000e+01,4.4000000000e-02
2.9319309309e+02,2.3010090850e-03,2.3584566370e+01,8.6910000000e+02,5.5200000000e+01,4.4000000000e-02
2.9359349349e+02,2.3041514679e-03,2.3587910010e+01,8.6910000000e+02,5.5200000000e+01,4.4000000000e-02
2.9399389389e+02,2.3072938508e-03,2.3591249012e+01,8.6910000000e+02,5.5200000000e+01,4.4000000000e-02
2.9439429429e+02,2.3104362337e-03,2.3594583388e+01,8.6910000000e+02,5.5200000000e+01,4.4000000000e-02
2.9479469469e+02,2.3135786166e-03,2.3597913151e+01,8.6910000000e+02,5.5200000000e+01,4.4000000000e-02
2.9519509510e+02,2.3167209995e-03,2.3601238315e+01,8.6910000000e+02,5.5200000000e+01,4.4000000000e-02
2.9559549550e+02,2.3198633824e-03,2.3604558891e+01,8.6910000000e+02,5.5200000000e+01,4.4000000000e-02
2.9599589590e+02,2.3230057653e-03,2.3607874892e+01,8.6910000000e+02,5.5200000000e+01,4.4000000000e-02
2.9639629630e+02,2.3261481481e-03,2.3611186331e+01,8.6910000000e+02,5.5200000000e+01,4.4000000000e-02
2.9679669670e+02,2.3292905310e-03,2.3614493221e+01,8.6910000000e+02,5.5200000000e+01,4.4000000000e-02
2.9719709710e+02,2.3324329139e-03,2.3617795575e+01,8.6910000000e+02,5.5200000000e+01,4.4000000000e-02
2.9759749750e+02,2.3355752968e-03,2.3621093404e+01,8.6910000000e+02,5.5200000000e+01,4.4000000000e-02
2.9799789790e+02,2.3387176797e-03,2.3624386721e+01,8.6910000000e+02,5.5200000000e+01,4.4000000000e-02
2.9839829830e+02,2.3418600626e-03,2.3627675538e+01,8.6910000000e+02,5.5200000000e+01,4.4000000000e-02
2.9879869870e+02,2.3450024455e-03,2.3630959868e+01,8.6910000000e+02,5.5200000000e+01,4.4000000000e-02
2.9919909910e+02,2.3481448284e-03,2.3634239723e+01,8.6910000000e+02,5.5200000000e+01,4.4000000000e-02
2.9959949950e+02,2.3512872113e-03,2.3637515116e+01,8.6910000000e+02,5.5200000000e+01,4.4000000000e-02
2.9999989990e+02,2.3544295942e-03,2.3640786058e+01,8.6910000000e+02,5.5200000000e+01,4.4000000000e-02
3.0040030030e+02,2.3575719770e-03,2.3644052561e+01,8.6910000000e+02,5.5200000000e+01,4.4000000000e-02
3.0080070070e+02,2.3607143599e-03,2.3647314638e+01,8.6910000000e+02,5.5200000000e+01,4.4000000000e-02
3.0120110110e+02,2.3638567428e-03,2.3650572301e+01,8.6910000000e+02,5.5200000000e+01,4.4000000000e-02
3.0160150150e+02,2.3669991257e-03,2.3653825562e+01,8.6910000000e+02,5.5200000000e+01,4.4000000000e-02
3.0200190190e+02,2.3701415086e-03,2.3657074432e+01,8.6910000000e+02,5.5200000000e+01,4.4000000000e-02
3.0240230230e+02,2.3732838915e-03,2.3660318923e+01,8.6910000000e+02,5.5200000000e+01,4.4000000000e-02
3.0280270270e+02,2.3764262744e-03,2.3663559048e+01,8.6910000000e+02,5.5200000000e+01,4.4000000000e-02
3.0320310310e+02,2.3795686573e-03,2.3666794817e+01,8.6910000000e+02,5.5200000000e+01,4.4000000000e-02
3.0360350350e+02,2.3827110402e-03,2.3670026244e+01,8.6910000000e+02,5.5200000000e+01,4.4000000000e-02
3.0400390390e+02,2.3858534230e-03,2.3673253339e+01,8.6910000000e+02,5.5200000000e+01,4.4000000000e-02
3.0440430430e+02,2.3889958059e-03,2.3676476114e+01,8.6910000000e+02,5.5200000000e+01,4.4000000000e-02
3.0480470470e+02,2.3921381888e-03,2.3679694580e+01,8.6910000000e+02,5.5200000000e+01,4.4000000000e-02
3.0520510511e+02,2.3952805717e-03,2.3682908750e+01,8.6910000000e+02,5.5200000000e+01,4.4000000000e-02
3.0560550551e+02,2.3984229546e-03,2.3686118635e+01,8.6910000000e+02,5.5200000000e+01,4.4000000000e-02
3.0600590591e+02,2.4015653375e-03,2.3689324246e+01,8.6910000000e+02,5.5200000000e+01,4.4000000000e-02
3.0640630631e+02,2.4047077204e-03,2.3692525594e+01,8.6910000000e+02,5.5200000000e+01,4.4000000000e-02
3.0680670671e+02,2.4078501033e-03,2.3695722692e+01,8.6910000000e+02,5.5200000000e+01,4.4000000000e-02
3.0720710711e+02,2.4109924862e-03,2.3698915550e+01,8.6910000000e+02,5.5200000000e+01,4.4000000000e-02
3.0760750751e+02,2.4141348690e-03,2.3702104179e+01,8.6910000000e+02,5.5200000000e+01,4.4000000000e-02
3.0800790791e+02,2.4172772519e-03,2.3705288591e+01,8.6910000000e+02,5.5200000000e+01,4.4000000000e-02
3.0840830831e+02,2.4204196348e-03,2.3708468797e+01,8.6910000000e+02,5.5200000000e+01,4.4000000000e-02
3.0880870871e+02,2.4235620177e-03,2.3711644808e+01,8.6910000000e+02,5.5200000000e+01,4.4000000000e-02
3.0920910911e+02,2.4267044006e-03,2.3714816635e+01,8.6910000000e+02,5.5200000000e+01,4.4000000000e-02
3.0960950951e+02,2.4298467835e-03,2.3717984290e+01,8.6910000000e+02,5.5200000000e+01,4.4000000000e-02
3.1000990991e+02,2.4329891664e-03,2.3721147782e+01,8.6910000000e+02,5.5200000000e+01,4.4000000000e-02
3.1041031031e+02,2.4361315493e-03,2.3724307124e+01,8.6910000000e+02,5.5200000000e+01,4.4000000000e-02
3.1081071071e+02,2.4392739322e-03,2.3727462326e+01,8.6910000000e+02,5.5200000000e+01,4.4000000000e-02
3.1121111111e+02,2.4424163150e-03,2.3730613399e+01,8.6910000000e+02,5.5200000000e+01,4.4000000000e-02
3.1161151151e+02,2.4455586979e-03,2.3733760354e+01,8.6910000000e+02,5.5200000000e+01,4.4000000000e-02
3.1201191191e+02,2.4487010808e-03,2.3736903202e+01,8.6910000000e+02,5.5200000000e+01,4.4000000000e-02
3.1241231231e+02,2.4518434637e-03,2.3740041952e+01,8.6910000000e+02,5.5200000000e+01,4.4000000000e-02
3.1281271271e+02,2.4549858466e-03,2.3743176617e+01,8.6910000000e+02,5.5200000000e+01,4.4000000000e-02
3.1321311311e+02,2.4581282295e-03,2.3746307207e+01,8.6910000000e+02,5.5200000000e+01,4.4000000000e-02
3.1361351351e+02,2.4612706124e-03,2.3749433732e+01,8.6910000000e+02,5.5200000000e+01,4.4000000000e-02
3.1401391391e+02,2.4644129953e-03,2.3752556202e+01,8.6910000000e+02,5.5200000000e+01,4.4000000000e-02
3.1441431431e+02,2.4675553782e-03,2.3755674630e+01,8.6910000000e+02,5.5200000000e+01,4.4000000000e-02
3.1481471471e+02,2.4706977611e-03,2.3758789024e+01,8.6910000000e+02,5.5200000000e+01,4.4000000000e-02
3.1521511512e+02,2.4738401439e-03,2.3761899396e+01,8.6910000000e+02,5.5200000000e+01,4.4000000000e-02
3.1561551552e+02,2.4769825268e-03,2.3765005755e+01,8.6910000000e+02,5.5200000000e+01,4.4000000000e-02
3.1601591592e+02,2.4801249097e-03,2.3768108113e+01,8.6910000000e+02,5.5200000000e+01,4.4000000000e-02
3.1641631632e+02,2.4832672926e-03,2.3771206479e+01,8.6910000000e+02,5.5200000000e+01,4.4000000000e-02
3.1681671672e+02,2.4864096755e-03,2.3774300864e+01,8.6910000000e+02,5.5200000000e+01,4.4000000000e-02
3.1721711712e+02,2.4895520584e-03,2.3777391278e+01,8.6910000000e+02,5.5200000000e+01,4.4000000000e-02
3.1761751752e+02,2.4926944413e-03,2.3780477732e+01,8.6910000000e+02,5.5200000000e+01,4.4000000000e-02
3.1801791792e+02,2.4958368242e-03,2.3783560235e+01,8.6910000000e+02,5.5200000000e+01,4.4000000000e-02
3.1841831832e+02,2.4989792071e-03,2.3786638797e+01,8.6910000000e+02,5.5200000000e+01,4.4000000000e-02
3.1881871872e+02,2.5021215899e-03,2.3789713429e+01,8.6910000000e+02,5.5200000000e+01,4.4000000000e-02
3.1921911912e+02,2.5052639728e-03,2.3792784141e+01,8.6910000000e+02,5.5200000000e+01,4.4000000000e-02
3.1961951952e+02,2.5084063557e-03,2.3795850943e+01,8.6910000000e+02,5.5200000000e+01,4.4000000000e-02
3.2001991992e+02,2.5115487386e-03,2.3798913844e+01,8.6910000000e+02,5.5200000000e+01,4.4000000000e-02
3.2042032032e+02,2.5146911215e-03,2.3801972856e+01,8.6910000000e+02,5.5200000000e+01,4.4000000000e-02
3.2082072072e+02,2.5178335044e-03,2.3805027987e+01,8.6910000000e+02,5.5200000000e+01,4.4000000000e-02
3.2122112112e+02,2.5209758873e-03,2.3808079247e+01,8.6910000000e+02,5.5200000000e+01,4.4000000000e-02
3.2162152152e+02,2.5241182702e-03,2.3811126647e+01,8.6910000000e+02,5.5200000000e+01,4.4000000000e-02
3.2202192192e+02,2.5272606531e-03,2.3814170195e+01,8.6910000000e+02,5.5200000000e+01,4.4000000000e-02
3.2242232232e+02,2.5304030359e-03,2.3817209903e+01,8.6910000000e+02,5.5200000000e+01,4.4000000000e-02
3.2282272272e+02,2.5335454188e-03,2.3820245779e+01,8.6910000000e+02,5.5200000000e+01,4.4000000000e-02
3.2322312312e+02,2.5366878017e-03,2.3823277834e+01,8.6910000000e+02,5.5200000000e+01,4.4000000000e-02
3.2362352352e+02,2.5398301846e-03,2.3826306076e+01,8.6910000000e+02,5.5200000000e+01,4.4000000000e-02
3.2402392392e+02,2.5429725675e-03,2.3829330516e+01,8.6910000000e+02,5.5200000000e+01,4.4000000000e-02
3.2442432432e+02,2.5461149504e-03,2.3832351163e+01,8.6910000000e+02,5.5200000000e+01,4.4000000000e-02
3.2482472472e+02,2.5492573333e-03,2.3835368026e+01,8.6910000000e+02,5.5200000000e+01,4.4000000000e-02
3.2522512513e+02,2.5523997162e-03,2.3838381116e+01,8.6910000000e+02,5.5200000000e+01,4.4000000000e-02
3.2562552553e+02,2.5555420991e-03,2.3841390441e+01,8.6910000000e+02,5.5200000000e+01,4.4000000000e-02
3.2602592593e+02,2.5586844820e-03,2.3844396012e+01,8.6910000000e+02,5.5200000000e+01,4.4000000000e-02
3.2642632633e+02,2.5618268648e-03,2.3847397836e+01,8.6910000000e+02,5.5200000000e+01,4.4000000000e-02
3.2682672673e+02,2.5649692477e-03,2.3850395925e+01,8.6910000000e+02,5.5200000000e+01,4.4000000000e-02
3.2722712713e+02,2.5681116306e-03,2.3853390286e+01,8.6910000000e+02,5.5200000000e+01,4.4000000000e-02
3.2762752753e+02,2.5712540135e-03,2.3856380930e+01,8.6910000000e+02,5.5200000000e+01,4.4000000000e-02
3.2802792793e+02,2.5743963964e-03,2.3859367866e+01,8.6910000000e+02,5.5200000000e+01,4.4000000000e-02
3.2842832833e+02,2.5775387793e-03,2.3862351102e+01,8.6910000000e+02,5.5200000000e+01,4.4000000000e-02
3.2882872873e+02,2.5806811622e-03,2.3865330648e+01,8.6910000000e+02,5.5200000000e+01,4.4000000000e-02
3.2922912913e+02,2.5838235451e-03,2.3868306514e+01,8.6910000000e+02,5.5200000000e+01,4.4000000000e-02
3.2962952953e+02,2.5869659280e-03,2.3871278708e+01,8.6910000000e+02,5.5200000000e+01,4.4000000000e-02
3.3002992993e+02,2.5901083108e-03,2.3874247239e+01,8.6910000000e+02,5.5200000000e+01,4.4000000000e-02
3.3043033033e+02,2.5932506937e-03,2.3877212116e+01,8.6910000000e+02,5.5200000000e+01,4.4000000000e-02
3.3083073073e+02,2.5963930766e-03,2.3880173349e+01,8.6910000000e+02,5.5200000000e+01,4.4000000000e-02
3.3123113113e+02,2.5995354595e-03,2.3883130947e+01,8.6910000000e+02,5.5200000000e+01,4.4000000000e-02
3.3163153153e+02,2.6026778424e-03,2.3886084918e+01,8.6910000000e+02,5.5200000000e+01,4.4000000000e-02
3.3203193193e+02,2.6058202253e-03,2.3889035271e+01,8.6910000000e+02,5.5200000000e+01,4.4000000000e-02
3.3243233233e+02,2.6089626082e-03,2.3891982015e+01,8.6910000000e+02,5.5200000000e+01,4.4000000000e-02
3.3283273273e+02,2.6121049911e-03,2.3894925159e+01,8.6910000000e+02,5.5200000000e+01,4.4000000000e-02
3.3323313313e+02,2.6152473740e-03,2.3897864712e+01,8.6910000000e+02,5.5200000000e+01,4.4000000000e-02
3.3363353353e+02,2.6183897568e-03,2.3900800683e+01,8.6910000000e+02,5.5200000000e+01,4.4000000000e-02
3.3403393393e+02,2.6215321397e-03,2.3903733080e+01,8.6910000000e+02,5.5200000000e+01,4.4000000000e-02
3.3443433433e+02,2.6246745226e-03,2.3906661912e+01,8.6910000000e+02,5.5200000000e+01,4.4000000000e-02
3.3483473473e+02,2.6278169055e-03,2.3909587188e+01,8.6910000000e+02,5.5200000000e+01,4.4000000000e-02
3.3523513514e+02,2.6309592884e-03,2.3912508916e+01,8.6910000000e+02,5.5200000000e+01,4.4000000000e-02
3.3563553554e+02,2.6341016713e-03,2.3915427105e+01,8.6910000000e+02,5.5200000000e+01,4.4000000000e-02
3.3603593594e+02,2.6372440542e-03,2.3918341764e+01,8.6910000000e+02,5.5200000000e+01,4.4000000000e-02
3.3643633634e+02,2.6403864371e-03,2.3921252901e+01,8.6910000000e+02,5.5200000000e+01,4.4000000000e-02
3.3683673674e+02,2.6435288200e-03,2.3924160525e+01,8.6910000000e+02,5.5200000000e+01,4.4000000000e-02
3.3723713714e+02,2.6466712028e-03,2.3927064644e+01,8.6910000000e+02,5.5200000000e+01,4.4000000000e-02
3.3763753754e+02,2.6498135857e-03,2.3929965267e+01,8.6910000000e+02,5.5200000000e+01,4.4000000000e-02
3.3803793794e+02,2.6529559686e-03,2.3932862402e+01,8.6910000000e+02,5.5200000000e+01,4.4000000000e-02
3.3843833834e+02,2.6560983515e-03,2.3935756057e+01,8.6910000000e+02,5.5200000000e+01,4.4000000000e-02
3.3883873874e+02,2.6592407344e-03,2.3938646241e+01,8.6910000000e+02,5.5200000000e+01,4.4000000000e-02
3.3923913914e+02,2.6623831173e-03,2.3941532963e+01,8.6910000000e+02,5.5200000000e+01,4.4000000000e-02
3.3963953954e+02,2.6655255002e-03,2.3944416230e+01,8.6910000000e+02,5.5200000000e+01,4.4000000000e-02
3.4003993994e+02,2.6686678831e-03,2.3947296051e+01,8.6910000000e+02,5.5200000000e+01,4.4000000000e-02
3.4044034034e+02,2.6718102660e-03,2.3950172434e+01,8.6910000000e+02,5.5200000000e+01,4.4000000000e-02
3.4084074074e+02,2.6749526489e-03,2.3953045388e+01,8.6910000000e+02,5.5200000000e+01,4.4000000000e-02
3.4124114114e+02,2.6780950317e-03,2.3955914920e+01,8.6910000000e+02,5.5200000000e+01,4.4000000000e-02
3.4164154154e+02,2.6812374146e-03,2.3958781039e+01,8.6910000000e+02,5.5200000000e+01,4.4000000000e-02
3.4204194194e+02,2.6843797975e-03,2.3961643752e+01,8.6910000000e+02,5.5200000000e+01,4.4000000000e-02
3.4244234234e+02,2.6875221804e-03,2.3964503069e+01,8.6910000000e+02,5.5200000000e+01,4.4000000000e-02
3.4284274274e+02,2.6906645633e-03,2.3967358997e+01,8.6910000000e+02,5.5200000000e+01,4.4000000000e-02
3.4324314314e+02,2.6938069462e-03,2.3970211543e+01,8.6910000000e+02,5.5200000000e+01,4.4000000000e-02
3.4364354354e+02,2.6969493291e-03,2.3973060717e+01,8.6910000000e+02,5.5200000000e+01,4.4000000000e-02
3.4404394394e+02,2.7000917120e-03,2.3975906526e+01,8.6910000000e+02,5.5200000000e+01,4.4000000000e-02
3.4444434434e+02,2.7032340949e-03,2.3978748978e+01,8.6910000000e+02,5.5200000000e+01,4.4000000000e-02
3.4484474474e+02,2.7063764777e-03,2.3981588082e+01,8.6910000000e+02,5.5200000000e+01,4.4000000000e-02
3.4524514515e+02,2.7095188606e-03,2.3984423844e+01,8.6910000000e+02,5.5200000000e+01,4.4000000000e-02
3.4564554555e+02,2.7126612435e-03,2.3987256272e+01,8.6910000000e+02,5.5200000000e+01,4.4000000000e-02
3.4604594595e+02,2.7158036264e-03,2.3990085376e+01,8.6910000000e+02,5.5200000000e+01,4.4000000000e-02
3.4644634635e+02,2.7189460093e-03,2.3992911162e+01,8.6910000000e+02,5.5200000000e+01,4.4000000000e-02
3.4684674675e+02,2.7220883922e-03,2.3995733638e+01,8.6910000000e+02,5.5200000000e+01,4.4000000000e-02
3.4724714715e+02,2.7252307751e-03,2.3998552812e+01,8.6910000000e+02,5.5200000000e+01,4.4000000000e-02
3.4764754755e+02,2.7283731580e-03,2.4001368693e+01,8.6910000000e+02,5.5200000000e+01,4.4000000000e-02
3.4804794795e+02,2.7315155409e-03,2.4004181286e+01,8.6910000000e+02,5.5200000000e+01,4.4000000000e-02
3.4844834835e+02,2.7346579237e-03,2.4006990601e+01,8.6910000000e+02,5.5200000000e+01,4.4000000000e-02
3.4884874875e+02,2.7378003066e-03,2.4009796645e+01,8.6910000000e+02,5.5200000000e+01,4.4000000000e-02
3.4924914915e+02,2.7409426895e-03,2.4012599425e+01,8.6910000000e+02,5.5200000000e+01,4.4000000000e-02
3.4964954955e+02,2.7440850724e-03,2.4015398949e+01,8.6910000000e+02,5.5200000000e+01,4.4000000000e-02
3.5004994995e+02,2.7472274553e-03,2.4018195226e+01,8.6910000000e+02,5.5200000000e+01,4.4000000000e-02
3.5045035035e+02,2.7503698382e-03,2.4020988261e+01,8.6910000000e+02,5.5200000000e+01,4.4000000000e-02
3.5085075075e+02,2.7535122211e-03,2.4023778063e+01,8.6910000000e+02,5.5200000000e+01,4.4000000000e-02
3.5125115115e+02,2.7566546040e-03,2.4026564639e+01,8.6910000000e+02,5.5200000000e+01,4.4000000000e-02
3.5165155155e+02,2.7597969869e-03,2.4029347997e+01,8.6910000000e+02,5.5200000000e+01,4.4000000000e-02
3.5205195195e+02,2.7629393697e-03,2.4032128145e+01,8.6910000000e+02,5.5200000000e+01,4.4000000000e-02
3.5245235235e+02,2.7660817526e-03,2.4034905089e+01,8.6910000000e+02,5.5200000000e+01,4.4000000000e-02
3.5285275275e+02,2.7692241355e-03,2.4037678837e+01,8.6910000000e+02,5.5200000000e+01,4.4000000000e-02
3.5325315315e+02,2.7723665184e-03,2.4040449396e+01,8.6910000000e+02,5.5200000000e+01,4.4000000000e-02
3.5365355355e+02,2.7755089013e-03,2.4043216774e+01,8.6910000000e+02,5.5200000000e+01,4.4000000000e-02
3.5405395395e+02,2.7786512842e-03,2.4045980979e+01,8.6910000000e+02,5.5200000000e+01,4.4000000000e-02
3.5445435435e+02,2.7817936671e-03,2.4048742016e+01,8.6910000000e+02,5.5200000000e+01,4.4000000000e-02
3.5485475475e+02,2.7849360500e-03,2.4051499894e+01,8.6910000000e+02,5.5200000000e+01,4.4000000000e-02
3.5525515516e+02,2.7880784329e-03,2.4054254621e+01,8.6910000000e+02,5.5200000000e+01,4.4000000000e-02
3.5565555556e+02,2.7912208158e-03,2.4057006202e+01,8.6910000000e+02,5.5200000000e+01,4.4000000000e-02
3.5605595596e+02,2.7943631986e-03,2.4059754645e+01,8.6910000000e+02,5.5200000000e+01,4.4000000000e-02
3.5645635636e+02,2.7975055815e-03,2.4062499959e+01,8.6910000000e+02,5.5200000000e+01,4.4000000000e-02
3.5685675676e+02,2.8006479644e-03,2.4065242148e+01,8.6910000000e+02,5.5200000000e+01,4.4000000000e-02
3.5725715716e+02,2.8037903473e-03,2.4067981222e+01,8.6910000000e+02,5.5200000000e+01,4.4000000000e-02
3.5765755756e+02,2.8069327302e-03,2.4070717186e+01,8.6910000000e+02,5.5200000000e+01,4.4000000000e-02
3.5805795796e+02,2.8100751131e-03,2.4073450048e+01,8.6910000000e+02,5.5200000000e+01,4.4000000000e-02
3.5845835836e+02,2.8132174960e-03,2.4076179815e+01,8.6910000000e+02,5.5200000000e+01,4.4000000000e-02
3.5885875876e+02,2.8163598789e-03,2.4078906495e+01,8.6910000000e+02,5.5200000000e+01,4.4000000000e-02
3.5925915916e+02,2.8195022618e-03,2.4081630093e+01,8.6910000000e+02,5.5200000000e+01,4.4000000000e-02
3.5965955956e+02,2.8226446446e-03,2.4084350617e+01,8.6910000000e+02,5.5200000000e+01,4.4000000000e-02
3.6005995996e+02,2.8257870275e-03,2.4087068074e+01,8.6910000000e+02,5.5200000000e+01,4.4000000000e-02
3.6046036036e+02,2.8289294104e-03,2.4089782471e+01,8.6910000000e+02,5.5200000000e+01,4.4000000000e-02
3.6086076076e+02,2.8320717933e-03,2.4092493815e+01,8.6910000000e+02,5.5200000000e+01,4.4000000000e-02
3.6126116116e+02,2.8352141762e-03,2.4095202113e+01,8.6910000000e+02,5.5200000000e+01,4.4000000000e-02
3.6166156156e+02,2.8383565591e-03,2.4097907371e+01,8.6910000000e+02,5.5200000000e+01,4.4000000000e-02
3.6206196196e+02,2.8414989420e-03,2.4100609596e+01,8.6910000000e+02,5.5200000000e+01,4.4000000000e-02
3.6246236236e+02,2.8446413249e-03,2.4103308796e+01,8.6910000000e+02,5.5200000000e+01,4.4000000000e-02
3.6286276276e+02,2.8477837078e-03,2.4106004976e+01,8.6910000000e+02,5.5200000000e+01,4.4000000000e-02
3.6326316316e+02,2.8509260906e-03,2.4108698145e+01,8.6910000000e+02,5.5200000000e+01,4.4000000000e-02
3.6366356356e+02,2.8540684735e-03,2.4111388307e+01,8.6910000000e+02,5.5200000000e+01,4.4000000000e-02
3.6406396396e+02,2.8572108564e-03,2.4114075471e+01,8.6910000000e+02,5.5200000000e+01,4.4000000000e-02
3.6446436436e+02,2.8603532393e-03,2.4116759643e+01,8.6910000000e+02,5.5200000000e+01,4.4000000000e-02
3.6486476476e+02,2.8634956222e-03,2.4119440830e+01,8.6910000000e+02,5.5200000000e+01,4.4000000000e-02
3.6526516517e+02,2.8666380051e-03,2.4122119037e+01,8.6910000000e+02,5.5200000000e+01,4.4000000000e-02
3.6566556557e+02,2.8697803880e-03,2.4124794273e+01,8.6910000000e+02,5.5200000000e+01,4.4000000000e-02
3.6606596597e+02,2.8729227709e-03,2.4127466543e+01,8.6910000000e+02,5.5200000000e+01,4.4000000000e-02
3.6646636637e+02,2.8760651538e-03,2.4130135854e+01,8.6910000000e+02,5.5200000000e+01,4.4000000000e-02
3.6686676677e+02,2.8792075367e-03,2.4132802213e+01,8.6910000000e+02,5.5200000000e+01,4.4000000000e-02
3.6726716717e+02,2.8823499195e-03,2.4135465626e+01,8.6910000000e+02,5.5200000000e+01,4.4000000000e-02
3.6766756757e+02,2.8854923024e-03,2.4138126100e+01,8.6910000000e+02,5.5200000000e+01,4.4000000000e-02
3.6806796797e+02,2.8886346853e-03,2.4140783641e+01,8.6910000000e+02,5.5200000000e+01,4.4000000000e-02
3.6846836837e+02,2.8917770682e-03,2.4143438256e+01,8.6910000000e+02,5.5200000000e+01,4.4000000000e-02
3.6886876877e+02,2.8949194511e-03,2.4146089950e+01,8.6910000000e+02,5.5200000000e+01,4.4000000000e-02
3.6926916917e+02,2.8980618340e-03,2.4148738732e+01,8.6910000000e+02,5.5200000000e+01,4.4000000000e-02
3.6966956957e+02,2.9012042169e-03,2.4151384606e+01,8.6910000000e+02,5.5200000000e+01,4.4000000000e-02
3.7006996997e+02,2.9043465998e-03,2.4154027580e+01,8.6910000000e+02,5.5200000000e+01,4.4000000000e-02
3.7047037037e+02,2.9074889827e-03,2.4156667660e+01,8.6910000000e+02,5.5200000000e+01,4.4000000000e-02
3.7087077077e+02,2.9106313655e-03,2.4159304852e+01,8.6910000000e+02,5.5200000000e+01,4.4000000000e-02
3.7127117117e+02,2.9137737484e-03,2.4161939162e+01,8.6910000000e+02,5.5200000000e+01,4.4000000000e-02
3.7167157157e+02,2.9169161313e-03,2.4164570597e+01,8.6910000000e+02,5.5200000000e+01,4.4000000000e-02
3.7207197197e+02,2.9200585142e-03,2.4167199163e+01,8.6910000000e+02,5.5200000000e+01,4.4000000000e-02
3.7247237237e+02,2.9232008971e-03,2.4169824866e+01,8.6910000000e+02,5.5200000000e+01,4.4000000000e-02
3.7287277277e+02,2.9263432800e-03,2.4172447713e+01,8.6910000000e+02,5.5200000000e+01,4.4000000000e-02
3.7327317317e+02,2.9294856629e-03,2.4175067710e+01,8.6910000000e+02,5.5200000000e+01,4.4000000000e-02
3.7367357357e+02,2.9326280458e-03,2.4177684863e+01,8.6910000000e+02,5.5200000000e+01,4.4000000000e-02
3.7407397397e+02,2.9357704287e-03,2.4180299178e+01,8.6910000000e+02,5.5200000000e+01,4.4000000000e-02
3.7447437437e+02,2.9389128115e-03,2.4182910662e+01,8.6910000000e+02,5.5200000000e+01,4.4000000000e-02
3.7487477477e+02,2.9420551944e-03,2.4185519320e+01,8.6910000000e+02,5.5200000000e+01,4.4000000000e-02
3.7527517518e+02,2.9451975773e-03,2.4188125159e+01,8.6910000000e+02,5.5200000000e+01,4.4000000000e-02
3.7567557558e+02,2.9483399602e-03,2.4190728184e+01,8.6910000000e+02,5.5200000000e+01,4.4000000000e-02
3.7607597598e+02,2.9514823431e-03,2.4193328402e+01,8.6910000000e+02,5.5200000000e+01,4.4000000000e-02
3.7647637638e+02,2.9546247260e-03,2.4195925820e+01,8.6910000000e+02,5.5200000000e+01,4.4000000000e-02
3.7687677678e+02,2.9577671089e-03,2.4198520442e+01,8.6910000000e+02,5.5200000000e+01,4.4000000000e-02
3.7727717718e+02,2.9609094918e-03,2.4201112275e+01,8.6910000000e+02,5.5200000000e+01,4.4000000000e-02
3.7767757758e+02,2.9640518747e-03,2.4203701325e+01,8.6910000000e+02,5.5200000000e+01,4.4000000000e-02
3.7807797798e+02,2.9671942575e-03,2.4206287599e+01,8.6910000000e+02,5.5200000000e+01,4.4000000000e-02
3.7847837838e+02,2.9703366404e-03,2.4208871101e+01,8.6910000000e+02,5.5200000000e+01,4.4000000000e-02
3.7887877878e+02,2.9734790233e-03,2.4211451838e+01,8.6910000000e+02,5.5200000000e+01,4.4000000000e-02
3.7927917918e+02,2.9766214062e-03,2.4214029816e+01,8.6910000000e+02,5.5200000000e+01,4.4000000000e-02
3.7967957958e+02,2.9797637891e-03,2.4216605041e+01,8.6910000000e+02,5.5200000000e+01,4.4000000000e-02
3.8007997998e+02,2.9829061720e-03,2.4219177518e+01,8.6910000000e+02,5.5200000000e+01,4.4000000000e-02
3.8048038038e+02,2.9860485549e-03,2.4221747254e+01,8.6910000000e+02,5.5200000000e+01,4.4000000000e-02
3.8088078078e+02,2.9891909378e-03,2.4224314255e+01,8.6910000000e+02,5.5200000000e+01,4.4000000000e-02
3.8128118118e+02,2.9923333207e-03,2.4226878525e+01,8.6910000000e+02,5.5200000000e+01,4.4000000000e-02
3.8168158158e+02,2.9954757036e-03,2.4229440072e+01,8.6910000000e+02,5.5200000000e+01,4.4000000000e-02
3.8208198198e+02,2.9986180864e-03,2.4231998900e+01,8.6910000000e+02,5.5200000000e+01,4.4000000000e-02
3.8248238238e+02,3.0017604693e-03,2.4234555017e+01,8.6910000000e+02,5.5200000000e+01,4.4000000000e-02
3.8288278278e+02,3.0049028522e-03,2.4237108426e+01,8.6910000000e+02,5.5200000000e+01,4.4000000000e-02
3.8328318318e+02,3.0080452351e-03,2.4239659135e+01,8.6910000000e+02,5.5200000000e+01,4.4000000000e-02
3.8368358358e+02,3.0111876180e-03,2.4242207148e+01,8.6910000000e+02,5.5200000000e+01,4.4000000000e-02
3.8408398398e+02,3.0143300009e-03,2.4244752473e+01,8.6910000000e+02,5.5200000000e+01,4.4000000000e-02
3.8448438438e+02,3.0174723838e-03,2.4247295113e+01,8.6910000000e+02,5.5200000000e+01,4.4000000000e-02
3.8488478478e+02,3.0206147667e-03,2.4249835075e+01,8.6910000000e+02,5.5200000000e+01,4.4000000000e-02
3.8528518519e+02,3.0237571496e-03,2.4252372365e+01,8.6910000000e+02,5.5200000000e+01,4.4000000000e-02
3.8568558559e+02,3.0268995324e-03,2.4254906989e+01,8.6910000000e+02,5.5200000000e+01,4.4000000000e-02
3.8608598599e+02,3.0300419153e-03,2.4257438951e+01,8.6910000000e+02,5.5200000000e+01,4.4000000000e-02
3.8648638639e+02,3.0331842982e-03,2.4259968257e+01,8.6910000000e+02,5.5200000000e+01,4.4000000000e-02
3.8688678679e+02,3.0363266811e-03,2.4262494914e+01,8.6910000000e+02,5.5200000000e+01,4.4000000000e-02
3.8728718719e+02,3.0394690640e-03,2.4265018926e+01,8.6910000000e+02,5.5200000000e+01,4.4000000000e-02
3.8768758759e+02,3.0426114469e-03,2.4267540299e+01,8.6910000000e+02,5.5200000000e+01,4.4000000000e-02
3.8808798799e+02,3.0457538298e-03,2.4270059039e+01,8.6910000000e+02,5.5200000000e+01,4.4000000000e-02
3.8848838839e+02,3.0488962127e-03,2.4272575151e+01,8.6910000000e+02,5.5200000000e+01,4.4000000000e-02
3.8888878879e+02,3.0520385956e-03,2.4275088641e+01,8.6910000000e+02,5.5200000000e+01,4.4000000000e-02
3.8928918919e+02,3.0551809784e-03,2.4277599514e+01,8.6910000000e+02,5.5200000000e+01,4.4000000000e-02
3.8968958959e+02,3.0583233613e-03,2.4280107776e+01,8.6910000000e+02,5.5200000000e+01,4.4000000000e-02
3.9008998999e+02,3.0614657442e-03,2.4282613431e+01,8.6910000000e+02,5.5200000000e+01,4.4000000000e-02
3.9049039039e+02,3.0646081271e-03,2.4285116487e+01,8.6910000000e+02,5.5200000000e+01,4.4000000000e-02
3.9089079079e+02,3.0677505100e-03,2.4287616947e+01,8.6910000000e+02,5.5200000000e+01,4.4000000000e-02
3.9129119119e+02,3.0708928929e-03,2.4290114817e+01,8.6910000000e+02,5.5200000000e+01,4.4000000000e-02
3.9169159159e+02,3.0740352758e-03,2.4292610103e+01,8.6910000000e+02,5.5200000000e+01,4.4000000000e-02
3.9209199199e+02,3.0771776587e-03,2.4295102811e+01,8.6910000000e+02,5.5200000000e+01,4.4000000000e-02
3.9249239239e+02,3.0803200416e-03,2.4297592944e+01,8.6910000000e+02,5.5200000000e+01,4.4000000000e-02
3.9289279279e+02,3.0834624244e-03,2.4300080509e+01,8.6910000000e+02,5.5200000000e+01,4.4000000000e-02
3.9329319319e+02,3.0866048073e-03,2.4302565512e+01,8.6910000000e+02,5.5200000000e+01,4.4000000000e-02
3.9369359359e+02,3.0897471902e-03,2.4305047956e+01,8.6910000000e+02,5.5200000000e+01,4.4000000000e-02
3.9409399399e+02,3.0928895731e-03,2.4307527848e+01,8.6910000000e+02,5.5200000000e+01,4.4000000000e-02
3.9449439439e+02,3.0960319560e-03,2.4310005193e+01,8.6910000000e+02,5.5200000000e+01,4.4000000000e-02
3.9489479479e+02,3.0991743389e-03,2.4312479996e+01,8.6910000000e+02,5.5200000000e+01,4.4000000000e-02
3.9529519520e+02,3.1023167218e-03,2.4314952263e+01,8.6910000000e+02,5.5200000000e+01,4.4000000000e-02
3.9569559560e+02,3.1054591047e-03,2.4317421998e+01,8.6910000000e+02,5.5200000000e+01,4.4000000000e-02
3.9609599600e+02,3.1086014876e-03,2.4319889206e+01,8.6910000000e+02,5.5200000000e+01,4.4000000000e-02
3.9649639640e+02,3.1117438705e-03,2.4322353894e+01,8.6910000000e+02,5.5200000000e+01,4.4000000000e-02
3.9689679680e+02,3.1148862533e-03,2.4324816066e+01,8.6910000000e+02,5.5200000000e+01,4.4000000000e-02
3.9729719720e+02,3.1180286362e-03,2.4327275727e+01,8.6910000000e+02,5.5200000000e+01,4.4000000000e-02
3.9769759760e+02,3.1211710191e-03,2.4329732882e+01,8.6910000000e+02,5.5200000000e+01,4.4000000000e-02
3.9809799800e+02,3.1243134020e-03,2.4332187536e+01,8.6910000000e+02,5.5200000000e+01,4.4000000000e-02
3.9849839840e+02,3.1274557849e-03,2.4334639696e+01,8.6910000000e+02,5.5200000000e+01,4.4000000000e-02
3.9889879880e+02,3.1305981678e-03,2.4337089365e+01,8.6910000000e+02,5.5200000000e+01,4.4000000000e-02
3.9929919920e+02,3.1337405507e-03,2.4339536548e+01,8.6910000000e+02,5.5200000000e+01,4.4000000000e-02
3.9969959960e+02,3.1368829336e-03,2.4341981252e+01,8.6910000000e+02,5.5200000000e+01,4.4000000000e-02
4.0010000000e+02,3.1400253165e-03,2.4344423480e+01,8.6910000000e+02,5.5200000000e+01,4.4000000000e-02
